0	-1	/Interface/TitleScreen/objTitleScreen
3	3	/Interface/TitleScreen/objPalmTree
4	8	/Interface/TitleScreen/objHouses
5	-1	/Editor/objEditor
6	-1	/Interface/objBackgroundColor
7	62	/Editor/objEditorWallH
8	63	/Editor/objEditorWallV
9	-1	/Editor/objWall
10	-1	/Editor/objEditorEnemy
11	-1	/Editor/objEditorObjects
12	71	/Editor/objCheckbox
13	77	/Editor/objButtons
14	-1	/Interface/Act/objAct
16	-1	/Interface/Act/objFlock2
19	-1	/Interface/Scene/City/objBloodDraw
20	82	/Interface/Scene/City/objTextBlood
21	84	/Interface/Scene/City/objPalmTrees
22	94	/Interface/Scene/City/objSeaGlimmer
23	95	/Interface/Scene/City/objSkyline1
24	96	/Interface/Scene/City/objSkyline2
25	91	/Editor/objEditorDoorV
26	92	/Editor/objEditorDoorH
27	87	/Editor/objEditorWindowLeft
28	88	/Editor/objEditorWindowRight
29	89	/Editor/objEditorWindowUp
30	90	/Editor/objEditorWindowDown
31	100	/Editor/objEditorBrickWallV
32	99	/Editor/objEditorBrickWallH
33	97	/Editor/objEditorSoftWallV
34	98	/Editor/objEditorSoftWallH
35	12	/Player/PigButcher/objPigButcher
36	-1	/Player/objPlayer
37	-1	/Interface/objConversation
38	72	/Interface/objEffector
39	-1	/Furniture/objFurniture
40	30	/Enemies/Victims/objVictim1
41	38	/Enemies/Victims/objVictim3
42	174	/Enemies/Victims/objVictim2
43	103	/Misc/LightSmoke/objPiglight1
44	-1	/Effects/Blood/objSplat
45	-1	/Interface/objGore
46	-1	/Effects/Blood/objSmudge
47	-1	/Effects/Blood/objBigBlood
48	123	/Effects/Blood/objTinyBlood
49	-1	/Effects/Blood/objBlood
50	-1	/Enemies/objEnemy
51	42	/Enemies/objDeadBody
52	102	/Effects/Blood/objBloodPool
53	128	/Editor/sprEditorRailsLeft
54	130	/Editor/objEditorRailsRight
55	127	/Editor/objEditorRailsDown
56	1863	/Editor/objEditorRailsUp
57	131	/Furniture/PigButcher/Party/objCouchParty
58	132	/Furniture/PigButcher/Party/objMiscKeg
59	134	/Furniture/PigButcher/Party/objAquariumParty
60	135	/Furniture/PigButcher/Party/objTableParty
61	136	/Furniture/PigButcher/Party/objTableKitchenParty
62	137	/Furniture/PigButcher/Party/objTableBrokenParty
63	138	/Furniture/objSinkParty
64	140	/Furniture/PigButcher/Party/objStrollerParty
65	141	/Furniture/objToiletParty
66	142	/Furniture/objTubParty
67	143	/Furniture/PigButcher/Party/objTVTableParty
68	144	/Furniture/PigButcher/Party/objRecordPlayerParty
69	145	/Furniture/objBenchPorchParty
70	146	/Furniture/objWheelBarrowParty
71	125	/Furniture/objCounterKitchen
72	147	/Furniture/objCupboardKitchen
73	148	/Furniture/objSink
74	149	/Furniture/objFridge
75	139	/Furniture/PigButcher/Party/objStoveParty
76	-1	/Interface/objPigBackground
77	-1	/Interface/objFilmTitle
78	36	/Enemies/Victims/objVictim3KnockedOut
79	155	/Furniture/Floor/objBrokenVinyls
80	28	/Enemies/objKnockedOut
81	20	/Player/PigButcher/objPigKillBlunt
82	156	/Effects/Blood/objBloodSquirt
83	158	/Misc/Weapons/objBat
84	-1	/Furniture/objSolid
85	213	/Player/objPlayerDead
86	161	/Furniture/objTrashbagOpen
87	163	/Furniture/objTrashbag
88	162	/Furniture/Floor/objPizza
89	159	/Furniture/Floor/objDoorMat
90	160	/Furniture/objHatRack
91	165	/Furniture/Floor/objCigaretteButts
92	167	/Furniture/Floor/objAlcoholContainers
93	166	/Furniture/PigButcher/Party/objDeskParty
94	173	/Furniture/Floor/objVideoGames
95	168	/Furniture/PigButcher/Party/objGlobe
96	170	/Furniture/PigButcher/Party/objBoxes
97	172	/Furniture/objPhones
98	171	/Furniture/objBookshelf
99	169	/Furniture/objToolbox
100	175	/Misc/Weapons/objShotgunWall
101	177	/Editor/objEditorPorchWallV
102	176	/Editor/objEditorPorchWallH
103	179	/Furniture/objChairWood
104	178	/Furniture/objArmChair
105	181	/Enemies/Victims/objVictim45Idle
106	180	/Misc/LightSmoke/objPiglight2
107	189	/Furniture/PigButcher/Party/objBedKid
108	188	/Furniture/objBigBed
109	190	/Furniture/objBoomboxParty
110	191	/Furniture/PigButcher/Party/objTVParty2
111	186	/Furniture/PigButcher/Party/objGuitarRig
112	187	/Furniture/Floor/objShirts
113	220	/Furniture/PigButcher/Party/objDeskKidParty
114	221	/Furniture/objSofaTV
115	222	/Furniture/PigButcher/Party/objTVParty3
116	224	/Furniture/PigButcher/Party/objTVParty4
117	225	/Furniture/objMakeupTable
118	226	/Furniture/objNightstandParty
119	227	/Furniture/objDeskPictures
120	228	/Furniture/Floor/objVaseBroken
121	229	/Furniture/objVaseStand
122	223	/Furniture/objCabinBooze
123	237	/Furniture/objCloset
124	219	/Interface/objNextroom
125	268	/Enemies/Victims/objVictim5
126	230	/Enemies/Victims/objVictim4
127	239	/Furniture/objClosetHanger1
128	240	/Furniture/objClosetHanger2
129	243	/Editor/objDoorWardrobe
130	241	/Furniture/Floor/objMagazines
131	244	/Furniture/objPlantBig
132	245	/Furniture/objPlantSmall
133	246	/Furniture/objTub
134	247	/Furniture/objToilet
135	248	/Furniture/Floor/objNetDoor
136	250	/Furniture/Floor/objSocks
137	251	/Furniture/Floor/objDressParty
138	252	/Furniture/Floor/objPants
139	254	/Furniture/Floor/objRobeParty
140	253	/Furniture/objLaundryBasket
141	255	/Furniture/Floor/objWaterPuddle
142	37	/Enemies/objVictimCrawl
143	21	/Player/PigButcher/objPKillRape
144	260	/Misc/Weapons/objHammer
145	-1	/Misc/Weapons/objWeapon
146	22	/Player/PigButcher/objPigKillStomp
147	262	/Player/objBullet
148	263	/Effects/objSpark
149	264	/Effects/objSmokeHit
150	266	/Misc/Weapons/objDoubleBarrel
151	267	/Misc/objMaskDrop
152	270	/Furniture/MovieSet/objMovieWallUp
153	272	/Furniture/MovieSet/objMovieWallRight
154	273	/Furniture/MovieSet/objMovieWallLeft
155	271	/Furniture/MovieSet/objMovieWallDown
156	282	/NPCs/PigButcher/Party/objSoundEngineer
157	279	/NPCs/PigButcher/Party/objCleaner
158	278	/NPCs/PigButcher/Party/objCameraman
159	281	/NPCs/PigButcher/Party/objDirector
160	39	/NPCs/PigButcher/Party/objVictim5Script
161	12	/NPCs/PigButcher/Party/objPigButcherIdle
162	274	/Furniture/MovieSet/objFilmCamera
163	275	/Furniture/MovieSet/objFilmLight
164	276	/Furniture/MovieSet/objPortableGenerator
165	-1	/Furniture/MovieSet/objFilmCrew
166	287	/NPCs/PigButcher/Party/objDirectorWalk
167	288	/Interface/FloorCleared/objFloorCleared
169	293	/Player/Fans/objPlayerTiger
170	205	/Enemies/Gang/objEGangMeleeRandom
171	-1	/Enemies/Gang/objEGang
173	307	/Misc/Weapons/objKnife
174	308	/Misc/Weapons/objChain
175	307	/Misc/Weapons/objButterfly
176	305	/Misc/Weapons/objPipe
177	304	/Misc/Weapons/objShotgun
178	303	/Misc/Weapons/objUzi
179	302	/Misc/Weapons/obj9mm
180	3868	/Misc/Weapons/objNailGun
181	262	/Enemies/objEBullet
182	310	/Effects/Cartridges/objShell
183	201	/Enemies/Gang/objEGangRandom
184	201	/Enemies/Gang/objEGangPatrol
185	326	/Player/Fans/objPlayerZebra
186	208	/Enemies/Gang/objEGangStatic
187	333	/Player/Kills/objPKillChain
188	20	/Player/Kills/objPKillBlunt
189	20	/Player/Kills/objPKillBash
190	292	/Player/Kills/Specific/objTigerKill
191	336	/Player/Kills/objPKillKnife
192	334	/Player/Kills/objPKillLean
193	370	/Furniture/Floor/objTrashFood
194	372	/Furniture/Floor/objWeight
195	362	/Furniture/Floor/objCouchCushion
196	357	/Furniture/Floor/objStyrofoam
197	356	/Furniture/Floor/objDumbbell
198	355	/Furniture/objDeadLift
199	371	/Furniture/Fans/StolenGoods/objTreadmill
200	369	/Furniture/Fans/StolenGoods/objStolenGoodsTV
201	368	/Furniture/Fans/StolenGoods/objStolenGoodsTable
202	367	/Furniture/Fans/StolenGoods/objStolenGoodsBox
203	366	/Furniture/Fans/StolenGoods/objStolenGoods
204	365	/Furniture/Fans/StolenGoods/objSmallTableGang
205	364	/Furniture/Fans/StolenGoods/objTableGang
206	363	/Furniture/objCouchPurple
207	361	/Furniture/objCouchBeige
208	360	/Furniture/Fans/StolenGoods/objBedGang
209	359	/Furniture/Fans/DrugDealer/objBarShelfGang2
210	358	/Furniture/Fans/DrugDealer/objBarGang2
212	353	/Furniture/Fans/DrugDealer/objDrugCrates
213	352	/Furniture/Fans/StolenGoods/objBenchPress
214	373	/Furniture/objKitchenSink
215	374	/Furniture/objTVBig
216	375	/Furniture/Fans/StolenGoods/objWaterPipes
217	376	/Furniture/Fans/StolenGoods/objTableCarStereo
218	377	/Furniture/Fans/DrugDealer/objFusebox
219	378	/Furniture/Fans/DrugDealer/objTableBluePrints
220	379	/Furniture/objGeneratorBig
221	380	/Furniture/Floor/objHubCaps
222	382	/Furniture/objToolboxBig
223	381	/Furniture/Floor/objSewerGrate
224	383	/Furniture/Fans/StolenGoods/objTableCameras
225	384	/Furniture/Fans/StolenGoods/objConsolesBox
226	385	/Furniture/Floor/objMatressGang
227	387	/Furniture/objLaundryMachine
228	386	/Furniture/Fans/StolenGoods/objClothesLine
229	195	/Enemies/Gang/objEGangIdlePipe
230	211	/Enemies/Gang/objEGangIdleKnife
231	210	/Enemies/Gang/objEGangIdleSmoke
233	389	/Enemies/Victims/objVictim6
234	391	/Interface/objMaskMenu
235	393	/Player/Cars/Fans_Van/objFansVanBottom
236	392	/Player/Cars/Fans_Van/objFansVan
237	-1	/Interface/objFloorBlood
238	-1	/Interface/FloorCleared/objLevelCleared
239	395	/Furniture/Floor/objChemicals
240	396	/Furniture/Fans/DrugDealer/objCocaineCrates
241	397	/Furniture/Fans/DrugDealer/objCocaineTable
242	400	/Furniture/Fans/DrugDealer/objTableComputerGang
243	401	/Furniture/Fans/DrugDealer/objFileCabinet
244	402	/Furniture/Fans/DrugDealer/objLightbulbsBox
245	403	/Furniture/Fans/DrugDealer/objMarijuanaBig
246	404	/Furniture/Fans/DrugDealer/objMarijuanaCrate
247	405	/Furniture/Fans/DrugDealer/objMarijuanaCrop
248	406	/Furniture/Fans/DrugDealer/objMarijuanaTable
249	407	/Furniture/Fans/DrugDealer/objMarijuanaSmall
250	398	/Furniture/Floor/objFloorSafe
251	399	/Furniture/Fans/DrugDealer/objTableChemicals
252	408	/Furniture/Fans/DrugDealer/objTableMoney
253	410	/Misc/LightSmoke/objMarijuanaLight
254	412	/Furniture/Fans/DrugDealer/objGunTable
255	413	/Furniture/Fans/DrugDealer/objGunrack
256	411	/Furniture/Fans/DrugDealer/objAmmoCrates
257	414	/Furniture/Fans/HQ/objStageFans
258	415	/Furniture/Fans/HQ/objFansTable
259	416	/Furniture/Fans/HQ/objFansMannequins
260	417	/Effects/Smoke/ArcadeMachines/objArcadeKDFW
261	418	/Furniture/Fans/HQ/objBarFans
262	419	/Furniture/Fans/HQ/objFansInCouch
263	422	/Furniture/Fans/HQ/objFansComputerTable
264	421	/Furniture/Fans/HQ/objFansCouch1
265	420	/Furniture/Fans/HQ/objMasksBox
266	423	/Player/Fans/objPlayerSwan1
267	425	/Misc/LightSmoke/objFansHQLight
268	426	/Furniture/Fans/HQ/objFansLights
269	427	/Furniture/objUrinal
270	428	/Furniture/Fans/HQ/objNeonSign
271	429	/Furniture/Fans/DrugDealer/objAirHockey
272	430	/Effects/Smoke/ArcadeMachines/objArcadeLuftrausers
273	431	/Effects/Smoke/ArcadeMachines/objArcadeGuns
274	432	/Furniture/Fans/DrugDealer/objBarTable
275	433	/Furniture/Fans/DrugDealer/objBasketballGame
276	434	/Furniture/Fans/DrugDealer/objBarGang
277	435	/Furniture/Fans/DrugDealer/objBarShelfGang
278	437	/Furniture/Fans/DrugDealer/objChairGang
279	438	/Furniture/Fans/DrugDealer/objDJSet
280	439	/Furniture/Fans/DrugDealer/objBarTableTiny
281	440	/Furniture/Fans/DrugDealer/objBarTableGlass
283	442	/Furniture/Fans/DrugDealer/objKaraokeMachine
284	436	/Furniture/Fans/DrugDealer/objBoothGang
285	443	/Misc/LightSmoke/objBarLight
286	444	/Furniture/Fans/HQ/objBarLightsBig
287	445	/Furniture/Fans/HQ/objBarLightsMedium
288	446	/Furniture/Fans/DrugDealer/objBarLightsSmall
289	447	/Furniture/objHugePlant
290	461	/NPCs/Fans/DrugDealers/objHenchmanDie
291	-1	/Interface/objRestart
292	-1	/Interface/objGameOverBackground
293	474	/NPCs/Fans/HQParty/objPandaBartender
294	475	/NPCs/Fans/HQParty/objPartyBoy1
295	476	/NPCs/Fans/HQParty/objPartyBoy2
296	479	/NPCs/Fans/HQParty/objPartyGirl2
297	477	/NPCs/Fans/HQParty/objPartyGirl1
298	478	/NPCs/Fans/HQParty/objPartyGirl2Mask
299	480	/NPCs/Fans/HQParty/objPartyBoy1Mask
300	482	/NPCs/Fans/HQParty/objMoon
301	483	/NPCs/Fans/HQParty/objMoonGlasses
302	485	/Interface/objVBorder
303	484	/Interface/objHBorder
304	-1	/Interface/Points/objPoints
305	488	/NPCs/Fans/DrugDealers/objPerturbator
306	492	/NPCs/Fans/HQParty/objJasper
307	491	/NPCs/Fans/HQParty/objBarbecue
308	-1	/Interface/HUD/objAmmoDraw
309	493	/NPCs/PigButcher/Interview/objHost
310	496	/NPCs/PigButcher/Interview/objPigInterview
311	503	/Furniture/PigButcher/Interview/objTalkShowChairs
312	502	/Furniture/PigButcher/Interview/objAudience
313	507	/Furniture/PigButcher/Interview/objTalkShowCurtains
314	508	/Furniture/PigButcher/Interview/objTalkShowDJ
315	509	/Furniture/PigButcher/Interview/objRichard
316	513	/Furniture/PigButcher/Interview/objTalkshowCamera
317	512	/Furniture/PigButcher/Interview/objTalkShowTable
318	510	/Furniture/PigButcher/Interview/objTeleprompter
319	511	/Furniture/PigButcher/Interview/objTalkshowCoach
320	-1	/Misc/LightSmoke/objTalkshowLight
321	514	/Misc/LightSmoke/objSpotlight
322	516	/Furniture/PigButcher/Interview/objEllenDead
323	530	/NPCs/PigButcher/Interview/objPigInterviewStand
324	533	/Player/Nicke/objNicke
325	-1	/Effects/Flamethrower/objFlamer
326	539	/Effects/Flamethrower/objFlame
327	540	/Effects/Flamethrower/objFireBallFlame
328	-1	/Interface/objBackgroundTropicalEvening
329	-1	/Interface/objBackgroundTropicalNight
660	1085	/Furniture/Jungle/Trees/objPalmTreeDay
661	1085	/Furniture/Jungle/Trees/objPalmTreeNight
662	-1	/Interface/objBackgroundTropicalJungle
663	-1	/Interface/Rain/objRain
664	-1	/Interface/Rain/objRainDrop
665	1091	/Interface/Rain/objRainHit
666	1089	/Furniture/Jungle/Trees/objBigTreeDay
667	1089	/Furniture/Jungle/Trees/objBigTreeNight
668	1109	/Furniture/Jungle/Trees/objAlienPlant2
669	1110	/Furniture/Jungle/Trees/objAlienPlant2Roots
670	1111	/Furniture/Jungle/Trees/objAlienPlant3
671	1112	/Furniture/Jungle/Trees/objAlienPlant3Roots
672	1118	/Enemies/Soldier/objSoldierMeleeRandom
673	-1	/Enemies/Soldier/objSoldier
674	1117	/Enemies/Soldier/objSoldierRandom
675	1132	/Editor/objWoodWallV
676	1133	/Editor/objWoodWallInteriorV
677	1131	/Editor/objWoodWallH
678	1134	/Editor/objWoodWallInteriorH
679	1136	/Furniture/Jungle/objFirePlace
680	1138	/Furniture/Jungle/objRussianFlag
681	1137	/Furniture/Jungle/objMilitaryJeep
682	1143	/Editor/objWoodWindowV
683	1925	/Editor/objWoodWindowH
684	1147	/Furniture/Jungle/objMilitaryBed
685	1148	/Furniture/Jungle/objMilitaryBunk
686	1149	/Furniture/Jungle/objMilitaryPlans
687	1145	/Furniture/Jungle/objTent
688	1146	/Furniture/Jungle/objBarbedWire
689	1150	/Furniture/Jungle/objRadioCentral
690	1155	/Furniture/Jungle/objSupplies
691	1154	/Furniture/Jungle/objStoveMilitary
692	1157	/Furniture/Jungle/objClosetMilitary
693	1151	/Furniture/Jungle/objAmmoBox
694	1152	/Furniture/Jungle/objSupplyBox
695	1153	/Furniture/Jungle/objFoodBox
696	1117	/Enemies/Soldier/objSoldierPatrol
697	1117	/Enemies/Soldier/objSoldierStatic
698	1163	/Enemies/Soldier/objSoldierFatKnife
699	1170	/Furniture/Jungle/objMilitaryDiningTable
700	1171	/Furniture/Jungle/objMilitaryBuffe
701	1172	/Furniture/Jungle/objMilitaryKitchen
702	1173	/Furniture/Jungle/objHelicopter
703	1175	/Furniture/Floor/Jungle/objBeanCan
704	1161	/Enemies/Soldier/objSoldierFatGun
705	-1	/Editor/objGlassPanel
706	1178	/Enemies/Soldier/objSoldierIdlePonchoSmoke
707	1177	/Enemies/Soldier/objPoncho
708	1179	/Enemies/Soldier/objSoldierIdleRain
709	-1	/Player/objStartPoint
710	1183	/Editor/objInvisibleWallH
711	1184	/Editor/objInvisibleWallV
712	1185	/Editor/objInvisibleWallD1
713	1186	/Editor/objInvisibleWallD2
714	1187	/Furniture/Jungle/objSoldierTent
715	1192	/Furniture/Jungle/objWeaponTable
716	1188	/Furniture/Jungle/objFirePlacePot
717	1190	/Furniture/Jungle/objLog
718	1189	/Furniture/Jungle/objGeneralTable
719	1191	/Furniture/Jungle/objTurtleCorpse
720	1193	/Misc/Weapons/objHeavy
721	1195	/Misc/Weapons/objFlameThrower
722	1196	/Misc/Weapons/objSniperRifle
723	1197	/Misc/Weapons/objKalashnikov
724	1194	/Misc/Weapons/objM16
725	1199	/NPCs/Soldiers/Jungle/objSquadBlack1
726	1200	/NPCs/Soldiers/Jungle/objSquadFat1
727	1201	/NPCs/Soldiers/Jungle/objSquadJacket1
728	1202	/NPCs/Soldiers/Jungle/objGeneralTalk1
729	-1	/NPCs/Soldiers/Jungle/objGeneral
730	-1	/Furniture/Jungle/objGeneralDrapes
731	1205	/Furniture/Jungle/objGeneralDrape
732	1206	/Furniture/Floor/Jungle/objBones
733	1216	/Furniture/Floor/Jungle/objStoneNight
734	1207	/Furniture/Floor/Jungle/objJeepTyre
735	1209	/Furniture/Floor/Jungle/objAmericanFlag
736	1215	/Furniture/Jungle/objGeneralBed
737	1210	/NPCs/Soldiers/Jungle/objParrot
738	1210	/NPCs/Soldiers/Jungle/objGeneralParrot
740	1208	/Furniture/Floor/Jungle/objStoneDay
741	1198	/Misc/Weapons/objMachete
742	1217	/Interface/Scene/NickeScene/objNickePalmTree
743	1218	/Interface/Scene/NickeScene/objNickeBigTree
744	-1	/Interface/Scene/NickeScene/objForest
745	-1	/Interface/Scene/NickeScene/objJungleNightBG
746	1220	/Interface/Scene/NickeScene/objNickeGreenery
747	-1	/Interface/Scene/NickeScene/objJungleNightScene
748	-1	/Interface/Scene/NickeScene/objJungleDayScene
749	-1	/Interface/Scene/NickeScene/objJungleDayBG
750	-1	/Interface/LevelSelect/objLevelSelect
751	1222	/Interface/LevelSelect/objLevelPalmTree
752	1223	/Furniture/Cop/Mall/objMallBasketBalls
753	1224	/Furniture/Cop/Mall/objMallRegister
754	1225	/Furniture/Cop/Mall/objMallChair
755	1226	/Furniture/Cop/Mall/objMallFootballs
756	1227	/Furniture/Cop/Mall/objMallGames
757	1228	/Furniture/Cop/Mall/objMallJewels
758	1229	/Furniture/Cop/Mall/objMallShoes
759	1230	/Furniture/Cop/Mall/objMallTrashCan
760	1231	/Furniture/Cop/Mall/objMallTVs
761	1232	/Furniture/Cop/Mall/objMallVinyls
762	1234	/Furniture/Cop/Mall/objMallSuperFunCabinet
763	1243	/Player/Cop/objCop
764	1258	/Player/Cars/Cop_Car/objCopCar
765	1260	/Player/Cars/Cop_Car/objCopCarFloor
766	1259	/Player/Cars/Cop_Car/objCopCarTrunk
767	1267	/NPCs/Soldiers/Jungle/objSquadField1
768	1268	/NPCs/Soldiers/Jungle/objSquadBlackField1
769	1270	/NPCs/Soldiers/Jungle/objEnemySoldierGivenUp
770	1269	/NPCs/Soldiers/Jungle/objSquadJacket2
771	1274	/NPCs/Soldiers/Jungle/objSquadJacket3Idle
772	1275	/NPCs/Soldiers/Jungle/objSquadFat2Idle
773	1279	/Enemies/Soldier/objSoldierBurn
774	42	/Enemies/objDyingBody
775	1280	/Effects/Flamethrower/objFlameSmoke
776	1284	/Furniture/Cop/Mall/objCheapSign
777	1286	/Furniture/Cop/Mall/objClothesHanger2
778	1282	/Furniture/Cop/Mall/objEmptyShelf
779	1289	/Furniture/Cop/Mall/objTurtlesRack
780	1288	/Furniture/Cop/Mall/objMallPerfume
781	1283	/Furniture/Cop/Mall/objClothesHanger1
782	1293	/Furniture/Cop/Mall/objSlidingDoors
783	1294	/Furniture/Cop/Mall/objToyGuns
784	1295	/Furniture/Cop/Mall/objStuffSign
785	1290	/Furniture/Floor/Mall/objTurtle
786	1233	/Furniture/Floor/Mall/objMallSuperFun
787	1291	/Furniture/Floor/Mall/objNesCartridge
788	1281	/Furniture/Floor/Mall/objBrokenPerfume
789	1311	/Furniture/Floor/Mall/objJewelShard
790	1297	/Furniture/Cop/Mall/objBasketBall
791	1298	/Player/Kills/Specific/objCopKillShotgun
792	1252	/Player/Kills/Specific/objPKillStomp
793	1306	/Furniture/Cop/Mall/objNuclearThrone1
794	1307	/Furniture/Cop/Mall/objNuclearThrone2
795	1308	/Furniture/Cop/Mall/objNuclearThrone3
796	1309	/Furniture/Cop/Mall/objNuclearThrone4
797	1310	/Furniture/Cop/Mall/objNuclearThrone5
798	1301	/Furniture/Cop/Mall/objATM
799	1305	/Furniture/Floor/objMoney
800	1302	/Furniture/Cop/Mall/objMallCoffeeTable
801	1312	/Furniture/Cop/Mall/objVendingMachine
802	1313	/Furniture/Cop/Mall/objCleaningCart
803	1314	/Furniture/Cop/Mall/FoodStore/objDoubleFridge
805	1316	/Furniture/Cop/Mall/FoodStore/objFreezer
806	1315	/Furniture/Cop/Mall/FoodStore/objFan
807	1317	/Furniture/Cop/Mall/FoodStore/objFoodFridge
808	1318	/Furniture/Cop/Mall/FoodStore/objMagazineRack
809	1319	/Furniture/Cop/Mall/FoodStore/objStoreShelf
810	1320	/Interface/Elevators/objElevator
811	-1	/Interface/Date/objDate
812	1326	/Furniture/Cop/Mall/Storage/objMallSafe
813	1325	/Furniture/Cop/Mall/Storage/objMallStorage
814	1322	/Furniture/Cop/Mall/Storage/objBench
815	1323	/Furniture/Cop/Mall/Storage/objLocker
816	1324	/Furniture/Cop/Mall/Storage/objMallSecurity
817	1327	/Furniture/Floor/Mall/objTowels
818	1292	/Furniture/Cop/Mall/objGangVan
819	1328	/Furniture/Cop/Mall/Storage/objDumpster
820	1329	/Misc/LightSmoke/objFreezerSmoke
821	1330	/Effects/objSparkle
822	1334	/NPCs/Cop/Mall/objPoliceAim
823	1335	/NPCs/Cop/Mall/objPolicePoint
824	1339	/Furniture/Cop/objPoliceCar
826	1344	/Furniture/Cop/Diner/objDinerBuffe
827	1347	/Furniture/Cop/Diner/objDinerGrill
828	1348	/Furniture/Cop/Diner/objDinerSink
829	1349	/Furniture/Cop/Diner/objDinerSupplies
830	1351	/Furniture/Cop/Diner/objDinerTable
831	1350	/Furniture/Cop/Diner/objDinerSupplies2
832	1345	/Furniture/Cop/Diner/objDinerCounter
833	1368	/Furniture/Cop/Diner/objDinerChair
834	1352	/Furniture/Cobra/Apartment/objFlipperGame
835	1355	/Furniture/Cobra/Apartment/objArmchairBeads
836	1356	/Furniture/Cobra/Apartment/objDirtyBathTub
837	1359	/Furniture/Cobra/Apartment/objRedneckCouch
838	1362	/Furniture/Cobra/Apartment/objDirtySink
839	1363	/Furniture/Cobra/Apartment/objDirtyToilet
840	1361	/Furniture/Fans/PizzaPlace/objPizzaDisplay
841	1360	/Furniture/Cobra/Apartment/objTVDinner
842	1369	/Furniture/Cobra/Apartment/objCobraPhone
843	1364	/Furniture/Fans/PizzaPlace/objPizzaCounter
844	1367	/Furniture/Fans/PizzaPlace/objPizzaTable
845	1366	/Furniture/Fans/PizzaPlace/objPizzaOven
847	1372	/Furniture/Fans/PizzaPlace/objPizzaRegister
848	1371	/Furniture/Cobra/Apartment/objKitchenBench
849	1370	/Furniture/Cobra/Apartment/objDeadPlant
850	1374	/Furniture/Cop/Diner/objWashingMachine
851	1373	/Furniture/Cop/Diner/objDinerBench
852	1375	/Furniture/Cop/Diner/objPhoneBooth
853	1376	/Furniture/objStove
854	1378	/NPCs/Cop/Diner/objDinerChef
855	1377	/NPCs/Cop/Diner/objDinerWaitress
856	1346	/Furniture/Cop/Diner/objDinerCup
857	1389	/Editor/objDinerWindowLeft
858	1387	/Editor/objDinerWindowTop
859	462	/Player/Fans/objPlayerBear
860	1393	/Furniture/Fans/PizzaPlace/objPizzaPickUp
861	1394	/Furniture/Cop/Diner/objChange
862	1395	/Editor/objDinerWindowBottom
863	1379	/NPCs/Fans/PizzaPlace/objPizzaDude
864	-1	/Interface/ScoreScreen/objScoreScreen
865	1397	/Interface/ScoreScreen/objSmallPalmTree
866	1401	/Player/Cobra/objPlayerCobra
867	1354	/Furniture/Cobra/Apartment/objShaver
868	1353	/Furniture/Cobra/Apartment/objHair
869	1430	/Furniture/Cobra/Apartment/objForms
870	1432	/Player/Cars/Cobra_Car/objCobraCar
871	1434	/Player/Cars/Cobra_Car/objCobraCarFloor
873	1437	/Player/Kills/Specific/objPKill9mm
874	1438	/Player/Kills/Specific/objPKillUzi
875	66	/Enemies/Mafia/objEMafiaMeleeRandom
876	70	/Enemies/Mafia/objEMafiaRandom
877	70	/Enemies/Mafia/objEMafiaStatic
878	70	/Enemies/Mafia/objEMafiaPatrol
880	1458	/Misc/Weapons/objSilencer
881	1457	/Misc/Weapons/objClub
882	1459	/Misc/Weapons/objMP5
883	-1	/Enemies/Mafia/objEMafia
884	469	/Furniture/Cobra/NewsPaper/objCopyMachine
885	1483	/Furniture/Cobra/NewsPaper/objEditorTable
886	1485	/Furniture/Cobra/NewsPaper/objBeverageTable
887	1486	/Furniture/Cobra/NewsPaper/objOfficeBoxes
888	1487	/Furniture/Cobra/NewsPaper/objOfficeCabinet
889	1488	/Furniture/Cobra/NewsPaper/objOfficeArmChair
890	1489	/Furniture/Cobra/NewsPaper/objOfficeCouch
891	1490	/Furniture/Cobra/NewsPaper/objOfficeLunchTable
892	1491	/Furniture/Cobra/NewsPaper/objOfficeMiniGolf
893	1492	/Furniture/Cobra/NewsPaper/objOfficeMeetingTable
894	1493	/Furniture/Cobra/NewsPaper/objOfficeConferenceTable
895	1494	/Furniture/Cobra/NewsPaper/objOfficeRoundTable
896	1495	/Furniture/Cobra/NewsPaper/objOfficeReception
897	1496	/Furniture/Cobra/NewsPaper/objOfficeDeskBig
898	1497	/Furniture/Cobra/NewsPaper/objOfficeDeskSmall
899	1498	/Furniture/Cobra/NewsPaper/objOfficeTrophies
900	1503	/Furniture/Cobra/NewsPaper/objEditorAquarium
901	1507	/Furniture/Cobra/NewsPaper/objEditorModernArt
902	1506	/Furniture/Cobra/NewsPaper/objEditorGlassTable
903	1505	/Furniture/Cobra/NewsPaper/objEditorLiquor
904	1504	/Furniture/Cobra/NewsPaper/objEditorCouch
905	1509	/Furniture/Cobra/NewsPaper/objWaterCooler
906	1502	/Editor/objDinerWindowRight
907	1510	/Furniture/Cobra/NewsPaper/objOfficeDrapes
908	1536	/Furniture/Cobra/Tattoo/objTattooTrophies
909	1511	/Furniture/Cobra/NewsPaper/objOfficeProjector
910	1513	/Misc/Weapons/objBottle
911	1470	/Player/Kills/objPKillBottle
912	1471	/Player/Kills/objPKillBottleBroken
914	1518	/NPCs/Cobra/NewsPaper/objNewsPaperEditor
916	1521	/Enemies/Mafia/objEMafiaIdlePhoneSilencer
918	1524	/Interface/objCobraMaskMenu
919	1531	/Furniture/Cobra/Tattoo/objTattooRegister
920	1535	/Furniture/Cobra/Tattoo/objTattooShelf
921	1533	/Furniture/Cobra/Tattoo/objTattooEquipment
923	1530	/Furniture/Cobra/Tattoo/objTattooChair
924	1529	/Furniture/Cobra/Tattoo/objTattooBed
925	1534	/Furniture/Floor/Tattoo/objTattooLogo
926	1538	/NPCs/Cobra/Tattoo/objTattooClient
927	1537	/NPCs/Cobra/Tattoo/objTattooerWork
928	1522	/NPCs/Cobra/Tattoo/objTattooerTalk
929	1484	/Furniture/Cobra/NewsPaper/objMoneyCase
930	-1	/Interface/vhs/objPlay
931	1553	/Enemies/Police/objEPoliceMeleeRandom
932	1551	/Enemies/Police/objEPoliceRandom
933	1558	/Enemies/Police/objEPolicePatrol
934	1558	/Enemies/Police/objEPoliceStatic
935	-1	/Enemies/Police/objPolice
936	1567	/Misc/Weapons/objStick
937	1570	/Enemies/Police/objFatPolice
938	66	/Enemies/Mafia/objEMafiaMeleePatrol
939	1553	/Enemies/Police/objEPoliceMeleePatrol
940	1580	/Misc/Weapons/objTaser
941	202	/Enemies/Gang/objEGangMeleePatrol
942	1587	/Furniture/PigButcher/PoliceStation/objMetalDetector
943	1603	/NPCs/PigButcher/PoliceStation/Jail/objPoliceInterrogation
944	1607	/NPCs/PigButcher/PoliceStation/Jail/objPigInterrogation
945	1608	/Furniture/PigButcher/PoliceStation/objPoliceDeskPig
946	1594	/Furniture/PigButcher/PoliceStation/objCellDoor
947	1611	/Furniture/PigButcher/PoliceStation/objPoliceChairPig
948	1550	/NPCs/PigButcher/PoliceStation/Jail/objPoliceGuard
949	1613	/NPCs/PigButcher/PoliceStation/Jail/objPigKillNeck
950	1609	/Editor/objBarsH
951	1610	/Editor/objBarsV
952	1594	/Editor/objCellDoorH
953	1593	/Furniture/PigButcher/PoliceStation/objCellBed
954	1597	/Furniture/PigButcher/PoliceStation/objCellToilet
955	1589	/Furniture/PigButcher/PoliceStation/objPoliceDesk
956	1618	/Furniture/PigButcher/PoliceStation/objPolicePhoneTable
957	1619	/Furniture/PigButcher/PoliceStation/objPoliceRecorder
958	1620	/Furniture/PigButcher/PoliceStation/objPoliceSpeakerBooth
959	1616	/Furniture/PigButcher/PoliceStation/objPolicePhone1
960	1617	/Furniture/PigButcher/PoliceStation/objPolicePhone2
961	1621	/Furniture/PigButcher/PoliceStation/objPoliceSpeakerDesk
962	1590	/Furniture/PigButcher/PoliceStation/objPoliceFileCabinet
963	1595	/Furniture/PigButcher/PoliceStation/objCamera
964	1591	/Furniture/PigButcher/PoliceStation/objPoliceInterrogationDesk
965	1623	/Furniture/PigButcher/PoliceStation/objPoliceForensicsTable
966	1624	/Furniture/PigButcher/PoliceStation/objPoliceCoffeeTable
967	1592	/Furniture/objTrashCan
968	1625	/Furniture/PigButcher/PoliceStation/objPoliceArmChair
969	1626	/Furniture/PigButcher/PoliceStation/objPoliceCouch
970	1628	/Furniture/PigButcher/PoliceStation/objPoliceBlackBoard
971	1627	/Furniture/PigButcher/PoliceStation/objPoliceReception
972	1633	/Furniture/PigButcher/PoliceStation/objPoliceRelaxTable
973	1634	/NPCs/PigButcher/PoliceStation/Jail/objPrisoner1
974	-1	/Interface/smokebackground/objNewBGNormal
975	-1	/Interface/smokebackground/objNewBGPig
976	1629	/NPCs/PigButcher/PoliceStation/Interrogation/objGirlRevenge
977	1637	/NPCs/PigButcher/PoliceStation/Interrogation/objFatPoliceInterrogate
978	1638	/NPCs/PigButcher/PoliceStation/Interrogation/objPoliceChairWeigh
979	1639	/Furniture/PigButcher/PoliceStation/objSpeakerTable
980	1644	/Furniture/PigButcher/PoliceStation/objPoliceInterrogationTable
981	1645	/Furniture/Writer/Subway/objTrainSeatsDouble
982	1646	/Furniture/Writer/Subway/objTrainSeatsLine
983	1648	/Furniture/Writer/Subway/objTrainStandHandles
984	1651	/Furniture/Writer/Subway/objTrainLeanHandles
985	1647	/Furniture/Writer/Subway/objHandles
986	1649	/Editor/objSubwayWallH
987	1650	/Editor/objSubwayWindowH
988	1652	/Furniture/Writer/Subway/objSubwayDoors
989	-1	/Interface/objTrain
990	-1	/objStorm
991	94	/objSpeedLine
992	1666	/NPCs/Writer/Subway/objGirl1Subway
993	1669	/NPCs/Writer/Subway/objMan1Subway
994	1665	/NPCs/Writer/Subway/objBoy2Subway
995	1668	/NPCs/Writer/Subway/objBoy1Subway
996	1667	/NPCs/Writer/Subway/objWoman1Subway
997	-1	/NPCs/objNPC
998	1654	/Player/Writer/objWriterSubway
999	1662	/NPCs/Writer/Subway/objSubwayHobo
1000	1675	/NPCs/PigButcher/PoliceStation/Filmset/objPoliceTakingFood
1001	1674	/NPCs/PigButcher/PoliceStation/Filmset/objPoliceNoHat
1002	1673	/NPCs/PigButcher/PoliceStation/Filmset/objPoliceEat
1003	1678	/Furniture/MovieSet/objMovieDishes
1004	1677	/Furniture/MovieSet/objMovieBuffe
1005	1336	/NPCs/PigButcher/PoliceStation/Filmset/objPoliceTalk
1008	1689	/Furniture/PigButcher/Apartment/objPigTub
1009	1679	/Furniture/PigButcher/Apartment/objPigCouch
1010	1680	/Furniture/PigButcher/Apartment/objPigDinnerTable
1011	1682	/Furniture/PigButcher/Apartment/objPigKitchenShelf
1012	1685	/Furniture/PigButcher/Apartment/objScript
1013	1684	/Furniture/PigButcher/Apartment/objPigPhone
1014	1683	/Furniture/PigButcher/Apartment/objPigKitchenTable
1015	1681	/Furniture/PigButcher/Apartment/objPigKitchenCounter
1016	1691	/NPCs/PigButcher/Apartment/objGirlEscape
1017	1692	/NPCs/PigButcher/Apartment/objPigSleeping
1018	1693	/Furniture/PigButcher/Apartment/objPigPaper
1020	1694	/Furniture/PigButcher/Apartment/objPigTV
1022	1601	/NPCs/PigButcher/Apartment/objPoliceKnock
1023	1699	/Misc/objKeys
1024	-1	/Interface/part/objPartTitle
1025	1701	/Interface/part/Flock/objBirdpoint
1026	-1	/Interface/part/Flock/objFlock
1027	1701	/Interface/part/Flock/objBird
1028	1702	/Furniture/Writer/Court/objCourtBench
1029	1703	/Furniture/Writer/Court/objCourtChair
1030	1704	/Furniture/Writer/Court/objCourtPodium
1031	1705	/Furniture/Writer/Court/objCourtReporterTable
1032	1706	/Furniture/Writer/Court/objCourtTable
1033	1707	/Furniture/Writer/Court/objCourtJurySeats
1034	1716	/Furniture/Writer/Court/objCourtBigTable
1035	1717	/Furniture/Writer/Court/objCourtFence
1036	1708	/Furniture/Writer/Court/objCourtLogo
1037	1712	/NPCs/Writer/Court/objJury
1038	1714	/NPCs/Writer/Court/objJuror2Idle
1039	1713	/NPCs/Writer/Court/objJuror1Idle
1040	1710	/NPCs/Writer/Court/objCourtReporter
1041	1727	/NPCs/Writer/Court/objLawyer
1042	1711	/NPCs/Writer/Court/objJudge
1043	1709	/NPCs/Writer/Court/objJacketCourt
1044	1719	/Player/Writer/objWriterCourt
1045	-1	/objNextRoom
1046	3356	/NPCs/Writer/Court/objInspectorWitness
1047	1715	/NPCs/Writer/Court/objProsecutor
1048	2022	/Player/Writer/objWriter
1049	1731	/Player/Cars/Taxi/objTaxi
1050	1733	/Player/Cars/Taxi/objTaxiFloor
1051	1735	/Player/Fans/objPlayerSwanChainsaw
1052	1740	/Player/Fans/objPlayerSwanGun
1053	-1	/Enemies/objBodyPiece
1054	342	/Enemies/objSeveredHead
1055	1754	/Misc/Weapons/objChainsaw
1057	1748	/Player/Kills/Specific/objPKillChainsaw
1059	-1	/Interface/LSDblend/objLSD
1060	1756	/NPCs/Henchman/Highway/objHenchmanHighwayCar
1061	1758	/NPCs/Henchman/Highway/objMoneyFly
1062	1761	/NPCs/Henchman/Highway/objPalmTreeTop
1063	1765	/Player/Kills/Specific/objPKillChainsawLean
1064	1766	/Enemies/Dog/objDogPatrol
1065	1772	/Player/objPlayerDieDog
1066	-1	/Enemies/Dog/objDog
1067	1786	/Player/Henchman/objPlayerHenchman
1068	1777	/Editor/objEditorAtticDoorV
1069	92	/Editor/objEditorAtticDoorH
1070	1809	/Player/Kills/Specific/objTigerKillDog
1071	-1	/Player/Kills/objKill
1072	-1	/Interface/objBG
1073	-1	/Interface/vhs/objPause
1074	392	/Player/Cars/Fans_Van/objFansVanDrive
1075	1841	/Effects/objCellPhone
1076	1842	/Furniture/Henchman/ChopShop/objFerrari
1077	1843	/Furniture/Henchman/ChopShop/objLambourghini
1078	1844	/Furniture/Henchman/ChopShop/objMustang
1079	1845	/Furniture/Henchman/ChopShop/objWinnebago
1080	1846	/Furniture/Floor/Henchman/objCarFinishHose
1081	1847	/Furniture/Henchman/ChopShop/objEngineLift
1082	1848	/Furniture/Henchman/ChopShop/objAcadoGT
1083	1858	/Furniture/Henchman/ChopShop/objCarTyre
1084	1857	/Furniture/Henchman/ChopShop/objCarWorkTable
1085	1856	/Furniture/Henchman/ChopShop/objCarVacuum
1086	1855	/Furniture/Henchman/ChopShop/objCarWashHose
1087	1854	/Furniture/Henchman/ChopShop/objWashBucket
1088	1849	/Furniture/Henchman/ChopShop/objCarFinishSupplies
1089	1853	/Furniture/Henchman/ChopShop/objCarSuppliesShelf
1090	1859	/Furniture/Henchman/ChopShop/objCarWashSupplies
1091	1851	/Furniture/Henchman/ChopShop/objCarPartsShelf
1092	1852	/Furniture/Henchman/ChopShop/objCarSuppliesLocker
1093	1850	/Furniture/Henchman/ChopShop/objCarLocker
1094	1860	/Furniture/Henchman/ChopShop/objCarLift
1095	1861	/Furniture/Henchman/ChopShop/objPoolTable
1096	1867	/Furniture/Fans/Squat/objBox
1097	1868	/Furniture/Fans/Squat/objBoxSmall
1098	1869	/Furniture/Floor/objBrokenWallH
1099	1870	/Furniture/Floor/objBrokenWallV
1100	1873	/Furniture/Fans/Squat/objHookah
1101	1874	/Effects/Water/objWaterPool
1102	1871	/Furniture/Fans/Squat/objAtticParty
1103	1872	/Furniture/Fans/Squat/objHomelessBed
1104	1875	/Furniture/Fans/HQ/objFansCouch2
1105	1879	/NPCs/Fans/HQ2/objBearCheckGun
1106	1877	/NPCs/Fans/HQ2/objSwanRollJoint
1107	1878	/NPCs/Fans/HQ2/objSwan2Sitting
1108	1876	/NPCs/Fans/HQ2/objTigerDrink
1109	1882	/NPCs/Fans/Highway/objFansVanRepair
1110	-1	/NPCs/Fans/Highway/objHighwayNightBackground
1111	1887	/Furniture/Fans/Highway/objStreetLight
1112	-1	/NPCs/Fans/HQ2/objFansHQScene2
1113	1890	/NPCs/Fans/Squat/objSister
1115	1895	/Furniture/Floor/Henchman/objSkeletons
1116	2050	/Interface/LSDblend/objLSDSmoke
1117	1894	/Furniture/Floor/Henchman/objSkeletonParts
1118	1893	/NPCs/Henchman/Highway/objCarWreck
1119	-1	/NPCs/Henchman/Highway/objHighwayBackground
1120	-1	/NPCs/Henchman/Home/objHenchmanLostCar
1121	1911	/Furniture/Floor/objTigerFur
1122	1901	/Furniture/Henchman/Home/objHenchmanAquarium
1123	1902	/Furniture/Henchman/Home/objHenchmanBed
1124	1896	/Furniture/Henchman/Home/objHenchmanGlassTable
1125	1904	/Furniture/Henchman/Home/objGlassWall
1126	1905	/Furniture/Henchman/Home/objKitchenIsland
1127	1907	/Furniture/Henchman/Home/objHenchmanTrophies
1128	1906	/Furniture/Henchman/Home/objHenchmanMinibar
1129	1908	/Furniture/Henchman/Home/objHenchmanTVStereo
1130	1909	/Furniture/Henchman/Home/objHenchmanGunCabinet
1131	1910	/Furniture/Henchman/Home/objPoolRack
1132	1912	/Furniture/Henchman/Home/objExerciseBike
1133	1913	/Furniture/Henchman/Home/objHenchmanBar
1134	481	/Furniture/objLeatherCouch
1135	1903	/NPCs/Henchman/Home/objHenchmanGirlfriend
1136	1899	/Furniture/Henchman/Home/objCat
1137	1917	/Furniture/Henchman/Home/objHenchmanKitchen
1138	1914	/Furniture/Henchman/Home/objHenchmanPhone
1139	1918	/Furniture/objBarStool
1140	1919	/Furniture/Henchman/Home/objHenchmanBarStool
1141	1920	/Furniture/Henchman/Home/objHenchmanBedSpecial
1142	1930	/Furniture/Henchman/ChopShop/objSafe
1143	1931	/Furniture/Henchman/ChopShop/objCarDesk
1144	1927	/Enemies/Gang/objEGangIdleMoney
1145	1928	/Furniture/Henchman/ChopShop/objMoneyBag
1146	210	/NPCs/Henchman/objAndy
1147	1933	/Player/Cars/Henchman_Car/objHenchmanCar
1148	1935	/Player/Cars/Henchman_Car/objHenchmanCarFloor
1149	1941	/Furniture/Henchman/ChopShop/objSkateRamp
1150	1940	/Furniture/Henchman/ChopShop/objSkateRail
1151	1939	/Furniture/Henchman/ChopShop/objSkateBox
1152	1938	/Furniture/Henchman/ChopShop/objCarDiningTable
1153	1944	/Furniture/Henchman/Home/objNote
1154	1947	/Furniture/Henchman/ChopShop/objGraffittiCar
1155	1946	/Furniture/Floor/objCarCover
1156	1949	/Glass/objGlassV
1157	1950	/Glass/objShard
1158	1951	/Glass/objShine
1159	1952	/Effects/Smoke/objFirePuff
1161	1954	/Effects/Smoke/objSmokeExhale
1162	1955	/Effects/Smoke/objFireBall
1163	1956	/Effects/Smoke/objFireSpark
1164	1957	/Effects/Smoke/objElectricity
1165	1958	/Furniture/objComputerMonitorGrey
1166	1959	/Effects/Smoke/objComputerMonitorGreyParts
1167	1961	/Furniture/objComputerMonitorBlack
1168	1962	/Effects/Smoke/objComputerMonitorBlackParts
1169	1964	/Effects/Smoke/objComputerMonitorGreyBigParts
1170	1963	/Effects/Smoke/objComputerMonitorBlackBigParts
1172	1968	/Effects/Smoke/objTVShards
1173	1969	/Effects/Smoke/objTVBigParts
1174	1956	/Effects/Smoke/objElectricSpark
1175	-1	/Effects/Water/objWaterSplat
1176	-1	/Effects/Water/objWaterSmudge
1177	-1	/Effects/Water/objBigWater
1178	-1	/Effects/Water/objWater
1179	1991	/Glass/objPlasticShard
1180	1973	/Effects/Smoke/objAquarium
1181	1972	/Effects/Smoke/objAquariumWater
1182	-1	/Interface/objJungleBG
1183	1999	/Effects/Blood/objIntestine
1184	1998	/Effects/Blood/objBrains
1185	2001	/Effects/Blood/objHeadPiece
1186	-1	/Interface/LSDblend/objLSDBlend
1187	2041	/Interface/LSDblend/objEnemyLSD
1188	2044	/Interface/LSDblend/objTigerBoss
1189	2048	/Enemies/Bosses/TigerBoss/objTigerFadeV
1190	2049	/Enemies/Bosses/TigerBoss/objTigerFadeH
1191	-1	/Enemies/Bosses/TigerBoss/objNewBGTiger
1192	2036	/Enemies/Bosses/TigerBoss/objTigerHead
1193	2052	/Furniture/Jungle/Trees/objPalmTreeLSD
1194	2051	/Furniture/Jungle/Trees/objBigTreeLSD
1195	2035	/Enemies/Bosses/TigerBoss/objTigerAttack
1196	2054	/Interface/LSDblend/objLSDBloodWhirl
1197	-1	/Interface/LSDblend/objLSDParticle
1198	2058	/Interface/LSDblend/objLSDBird
1199	2059	/Player/Son/objSonLSD
1200	2062	/Interface/LSDblend/objLSDFlame
1201	2063	/Interface/LSDblend/objLSDPop
1202	2065	/Editor/objSteelDoorH
1203	2066	/Editor/objSteelDoorH2
1204	2068	/Furniture/Son/Hideout/objSonAmmoBox
1205	2069	/Furniture/Son/Hideout/objSonAquarium
1206	2070	/Furniture/Son/Hideout/objSonCouch
1207	2071	/Furniture/Son/Hideout/objSonShrine
1208	2073	/Furniture/Son/Hideout/objSonDesk
1209	2074	/Furniture/Son/Hideout/objSonTrophies
1210	2075	/Furniture/Son/Hideout/objSonGunTable
1211	2081	/NPCs/Son/Hideout1/objSonGuardIdlePhone
1212	2077	/NPCs/Son/Hideout1/objSonGuardIdleSmoke
1213	2078	/NPCs/Son/Hideout1/objSonGuardIdlePipe
1214	2079	/NPCs/Son/Hideout1/objSonCouchHideout
1215	2084	/Furniture/Son/Hideout/objBoxingBag
1216	2067	/Misc/objDrugSample
1217	2089	/NPCs/Son/Hideout1/objSonGuardIdleSit
1218	2088	/Furniture/Son/Hideout/objSonDeskChair
1219	2087	/Furniture/Son/Hideout/objSonSecurity
1220	2085	/Furniture/Son/Hideout/objSonVodkaBar
1221	2095	/Interface/Elevators/BigElevator/objBigElevator
1222	2095	/Interface/Elevators/BigElevator/objBigElevatorMask
1223	2095	/Interface/Elevators/BigElevator/objBigElevatorFloor
1224	2096	/Furniture/Son/Hideout/objSonCarWhole
1225	2394	/Player/Rat/objRat
1226	2098	/Player/Kills/Specific/objWriterKillPunch
1227	2103	/Misc/Weapons/objDiscardedGun
1228	2104	/Misc/Weapons/objGunClip
1229	2136	/NPCs/Writer/Casino/objSaunaGangster
1230	2108	/Furniture/Writer/Casino/Downstairs/objBlackJackTable
1231	2109	/Furniture/Writer/Casino/Downstairs/objCrapsTable
1232	2110	/Furniture/Writer/Casino/Downstairs/objCasinoRegister
1233	2111	/Furniture/Writer/Casino/Downstairs/objPokerTable
1234	2112	/Furniture/Writer/Casino/Downstairs/objRouletteTable
1235	2113	/Furniture/Writer/Casino/Downstairs/objSlotMachine
1236	2114	/Furniture/Writer/Casino/Downstairs/objVIPArmchair
1237	2115	/Furniture/Writer/Casino/Downstairs/objVIPBar
1238	2116	/Furniture/Writer/Casino/Downstairs/objVIPBarShelf
1239	2117	/Furniture/Writer/Casino/Downstairs/objVIPFootStool
1240	2118	/Furniture/Writer/Casino/Downstairs/objVIPStatue
1241	2119	/Furniture/Writer/Casino/Downstairs/objVIPTable
1242	2120	/Furniture/Writer/Casino/Upstairs/objMassageTable
1243	2121	/Furniture/Writer/Casino/Upstairs/objSaunaBench
1244	2122	/Furniture/Writer/Casino/Upstairs/objSaunaHeater
1245	2123	/Furniture/Writer/Casino/Upstairs/objSolariumClosed
1246	2124	/Furniture/Writer/Casino/Upstairs/objSolariumOpen
1247	2125	/Furniture/Writer/Casino/Upstairs/objVIPDesk
1248	2137	/Furniture/Writer/Casino/Downstairs/objCasinoEntrance
1249	2126	/Furniture/Writer/Casino/Downstairs/objCasinoEntranceRibbons
1250	2127	/Furniture/Writer/Casino/Upstairs/objSmallPainting
1251	2128	/Furniture/Writer/Casino/Upstairs/objVIPJacuzzi
1252	2129	/Furniture/Writer/Casino/Upstairs/objVIPCloset
1253	2130	/Furniture/Writer/Casino/Upstairs/objMassageTools
1254	2131	/Furniture/Writer/Casino/Upstairs/objVIPMiniBar
1255	2132	/Furniture/Writer/Casino/Upstairs/objVIPPhoneStand
1256	2220	/Furniture/Jungle/TikiBar/objTikiBar
1257	2133	/Furniture/Writer/Casino/Upstairs/objVIPSink
1258	2134	/Furniture/Floor/objVIPTowels
1259	2138	/Editor/objBalconyRailsH
1260	2139	/Editor/objBalconyRailsV
1261	2140	/Furniture/Writer/Casino/Upstairs/objTowelBag
1262	2141	/Furniture/Writer/Casino/Upstairs/objTowelDisposal
1263	2077	/NPCs/Writer/Casino/objCasinoGuard
1264	-1	/NPCs/Writer/Casino/objAskForHelp
1265	-1	/NPCs/Writer/Casino/objCasinoEnemy
1266	2156	/Effects/WaterBlood/objSewerWaterLarge
1269	2157	/Effects/WaterBlood/objSewerWaterMedium
1270	2168	/Effects/WaterBlood/objSewerWaterSmall
1271	2149	/Editor/objSewerWallV
1272	2148	/Editor/objSewerWallH
1273	2166	/objWaterSplash
1274	-1	/Effects/WaterBlood/objSewerWater
1275	2175	/Furniture/Fans/Sewer/objBigPipe
1276	2174	/Furniture/Fans/Sewer/objMediumPipe
1277	2173	/Furniture/Fans/Sewer/objSmallPipe
1278	2153	/Furniture/Fans/Sewer/objSewerPipe
1279	2155	/Furniture/Fans/Sewer/objSewerPipeEnd
1280	2172	/Furniture/Floor/objSewerVentillation
1281	-1	/Effects/WaterBlood/objWaterSteps
1282	-1	/Interface/Rain/objSewerDrip
1283	-1	/Interface/smokebackground/objNewBGUNUSED
1284	-1	/Interface/objSewerBackground
1285	2150	/Furniture/Fans/Sewer/objSewerEntrance
1286	2179	/Furniture/Floor/Sewers/objLeaveOrDie
1287	293	/NPCs/Fans/Sewers/objFanSewers
1288	2151	/Furniture/Fans/Sewer/objSewerLadder
1289	2194	/Enemies/Gang/objEGangFat
1290	2195	/Player/Kills/Specific/objTigerKnee
1291	2203	/Furniture/Fans/Sewer/objPlasticFloor
1292	2204	/Furniture/Fans/Sewer/objTortureTable
1293	2198	/Furniture/Fans/Sewer/objAcidBath3
1294	2176	/Furniture/Fans/Sewer/objAcidBath2
1295	2197	/Furniture/Fans/Sewer/objAcidBath1
1296	2199	/Furniture/Fans/Sewer/objAcidContainer
1297	2200	/Furniture/Fans/Sewer/objBodyBag
1298	2201	/Furniture/Fans/Sewer/objBodyBagPart
1299	2206	/Furniture/Fans/Sewer/objManholeToxicWaste
1300	2202	/Furniture/Fans/Sewer/objPlasticCoverChair
1301	2207	/Furniture/Jungle/objPlasticDrape
1302	-1	/Furniture/Jungle/objPlasticDrapes
1303	2189	/Player/Kills/Specific/objSwanKillFat
1304	2208	/Furniture/Floor/objAcidPuddle
1305	381	/Furniture/Fans/Sewer/objSewerGrateKick
1306	2224	/Furniture/Jungle/TikiBar/objTikiWindowFlap
1307	2223	/Furniture/Jungle/TikiBar/objTikiTable
1308	2222	/Furniture/Jungle/TikiBar/objTikiStatue
1309	2221	/Furniture/Jungle/TikiBar/objTikiChair
1310	2227	/NPCs/Soldiers/TikiBar/objWarBear
1311	2232	/NPCs/Soldiers/TikiBar/objWarSwan1
1312	2233	/NPCs/Soldiers/TikiBar/objWarSwan2
1313	2234	/NPCs/Soldiers/TikiBar/objWarTiger
1314	2237	/NPCs/Soldiers/TikiBar/objWarZebra
1315	2235	/NPCs/Soldiers/TikiBar/objWarWriter
1316	2228	/NPCs/Soldiers/TikiBar/objWarPhotographer
1317	2226	/NPCs/Soldiers/TikiBar/objUSASoldier
1318	2239	/NPCs/Soldiers/TikiBar/objWarSquadBlack
1319	2240	/NPCs/Soldiers/TikiBar/objWarSquadFat
1320	2241	/NPCs/Soldiers/TikiBar/objWarNicke
1321	1201	/NPCs/Soldiers/TikiBar/objWarJacket
1322	2238	/NPCs/Soldiers/TikiBar/objShelby
1323	2214	/Furniture/Writer/HipsterBar/objHipsterBar
1324	2215	/Furniture/Writer/HipsterBar/objHipsterBarBottles
1325	2216	/Furniture/Writer/HipsterBar/objHipsterChairs
1326	2217	/Furniture/Writer/HipsterBar/objHipsterTable
1327	2218	/Furniture/Writer/HipsterBar/objHipsterJukebox
1328	2246	/NPCs/Writer/HipsterBar/objHipsterBartender
1329	2245	/NPCs/Writer/HipsterBar/objWriterHipsterBar
1330	1385	/NPCs/Writer/HipsterBar/objCopHipsterBar
1331	2247	/NPCs/Writer/HipsterBar/objCopLegsSit
1332	2251	/Interface/VHSMenu/objVHSBox
1333	-1	/Interface/VHSMenu/objBoxSelector
1335	-1	/Interface/VHSMenu/objFader
1336	2256	/Interface/VHSMenu/objMidnightVHS
1337	-1	/Enemies/Victims/objVictim
1338	2163	/Editor/objWallCorner
1339	2270	/Editor/objBrickWallCorner
1340	2271	/Player/Kills/objPigKillLean
1341	2225	/Player/Cars/Military_Jeep/objMilitaryJeepUSA
1342	2274	/Player/Cars/Military_Jeep/objMilitaryJeepUSARoof
1343	2282	/Player/Kills/Specific/objWriterKillBlunt
1344	2283	/Player/Kills/Specific/objWriterKillLean
1345	2286	/Editor/objBlackRailsH
1346	2287	/Furniture/Son/StripClub/objStripClubTable
1347	2358	/Player/Son/objSon
1348	2385	/Misc/Weapons/objFamae
1349	2386	/Misc/Weapons/objMendoza
1350	2387	/Misc/Weapons/objShardBlade
1351	1942	/Misc/Weapons/objSkateboard
1352	2388	/Misc/Weapons/objMagnum
1353	-1	/Enemies/Colombians/objColombian
1354	2292	/Enemies/Colombians/objColombianMeleeRandom
1355	2290	/Enemies/Colombians/objColombianMeleePatrol
1356	2291	/Enemies/Colombians/objColombianRandom
1357	2291	/Enemies/Colombians/objColombianStatic
1358	2291	/Enemies/Colombians/objColombianPatrol
1359	2324	/Enemies/Colombians/objColombianIdlePipe
1360	2390	/Interface/objSonStyleMenu
1361	2372	/Player/Kills/Specific/objSonKillKnife
1362	2371	/Player/Kills/Specific/objSonKillClub
1363	2376	/Player/Kills/Specific/objSonKillStomp
1364	2374	/Player/Kills/Specific/objSonKillSword
1365	2378	/Player/Kills/Specific/objPKillMachete
1366	2439	/Player/Cars/Son_Car/objSonCar
1367	2442	/Player/Cars/Son_Car/objSonCarBottom
1368	2444	/Misc/Weapons/objSword
1369	2446	/Effects/discolights/objDiscoLights
1370	-1	/Effects/discolights/objDiscoDarkness
1371	2448	/Furniture/Writer/Subway/objSubwayGate
1372	2449	/Furniture/Writer/Subway/objSubwayGateHolder
1373	2447	/Furniture/Writer/Subway/objSubwayBench
1374	2451	/Furniture/Writer/Subway/objSubwayLocker
1375	2463	/Furniture/Writer/Subway/objSubwayTrain
1376	2461	/Furniture/Writer/Subway/objSubwayBillBoard
1377	2464	/Furniture/Writer/Subway/objSubwayMap
1378	2465	/Furniture/Writer/Subway/objSubwayTicketMachine
1379	2469	/Furniture/Writer/Subway/objSubwayTimeDisplay
1380	2470	/Furniture/Writer/Subway/objSubwayNameDisplay
1381	2471	/Furniture/Writer/Subway/objSubwayClosedGate
1382	2472	/Furniture/Writer/Subway/objSubwayGlassWall
1383	2473	/Furniture/Writer/Subway/objHoboCart
1384	2476	/Furniture/Writer/50Blessings/objBunkerBed
1385	2477	/Furniture/Writer/50Blessings/objBunkerCabinet
1386	2478	/Furniture/Writer/50Blessings/objBunkerComputerTable
1387	2479	/Furniture/Writer/50Blessings/objBunkerEmptyBoxes
1388	2480	/Furniture/Floor/Bunker/objBunkerFiles
1389	2484	/Furniture/Writer/50Blessings/objBunkerWaterFilter
1390	2481	/Furniture/Writer/50Blessings/objBunkerGenerators
1391	2483	/Furniture/Writer/50Blessings/objBunkerShelves
1392	2475	/Furniture/Floor/Bunker/objBrokenComputerParts
1393	2474	/Furniture/Floor/Bunker/obj50BlessingsCrap
1394	2482	/Furniture/Floor/Bunker/objBunkerMasks
1395	2492	/Furniture/Floor/MethLab/objMethSupplies
1396	2490	/Furniture/Floor/MethLab/objGasMask
1397	2493	/Furniture/Cobra/MethLab/objMethExplosion
1398	2491	/Furniture/Cobra/MethLab/objMethLab
1399	2498	/Furniture/Writer/50Blessings/objBasketballHoop
1400	2495	/Furniture/Writer/50Blessings/objCopyingMachineBroken
1401	2496	/Furniture/Writer/50Blessings/objBunkerMeetingTable
1402	2499	/Furniture/Jungle/Hotel/objBrokenTable
1403	2485	/Furniture/Floor/Bunker/obj50BlessingsFlag
1404	2500	/Furniture/Writer/50Blessings/obj50BlessingsTable
1405	2501	/Furniture/Writer/50Blessings/objBunkerCounter
1406	2502	/Furniture/Writer/50Blessings/objBunkerKitchen
1407	2503	/Furniture/Writer/50Blessings/objBunkerWorkTable
1408	2504	/Furniture/Writer/50Blessings/objBurntOutHoboFire
1409	2497	/Furniture/Writer/50Blessings/objBunkerChair
1410	2505	/Furniture/Writer/50Blessings/objAirDuct
1411	2506	/Editor/objBunkerWallH
1412	2507	/Editor/objBunkerWallV
1413	2508	/Editor/objBunkerCorner
1414	2509	/Furniture/Writer/50Blessings/objBunkerDoor
1415	-1	/objEnemyHide
1416	-1	/objEnemySpawn
1417	-1	/objDarkness
1418	2510	/Furniture/Jungle/Hotel/objBrokenBlackJackTable
1419	2511	/Furniture/Jungle/Hotel/objBrokenDiceTable
1420	2514	/Furniture/Jungle/Hotel/objBrokenPokerTable
1421	2515	/Furniture/Jungle/Hotel/objBrokenRouletteTable
1422	2512	/Furniture/Jungle/Hotel/objBrokenAquarium
1423	2512	/Furniture/Jungle/Hotel/objBrokenAquariumWater
1424	2513	/Furniture/Floor/Hotel/objBrokenPalmTree
1425	2516	/NPCs/Writer/50Blessings/objMaskHoboOwl
1426	2517	/NPCs/Writer/50Blessings/objMaskHoboWolf
1427	2518	/NPCs/Writer/50Blessings/objMaskHoboGiraffe
1428	2519	/NPCs/Writer/50Blessings/objMaskHoboMonkey
1429	2520	/NPCs/Writer/50Blessings/objMaskHoboPanther
1430	2521	/NPCs/Writer/50Blessings/objMaskHoboLocust
1431	2522	/NPCs/Writer/50Blessings/objMaskHoboChameleon
1432	2523	/NPCs/Writer/50Blessings/objMaskHoboElephant
1433	2524	/NPCs/Writer/50Blessings/objMaskHoboChicken
1434	2525	/NPCs/Writer/50Blessings/objMaskHoboSit
1435	2526	/NPCs/Writer/50Blessings/objMaskHoboStanding
1436	2528	/Furniture/Floor/Bunker/obj50BlessingsLogoCandles
1437	2568	/Misc/objWriterJacket
1438	2580	/Furniture/Floor/Hotel/objHotelPaintingBroken
1439	2581	/Furniture/Floor/Hotel/objHotelPool
1440	2573	/Furniture/Jungle/Hotel/objHotelPlantsHolder1
1441	2573	/Furniture/Jungle/Hotel/objHotelPlant1
1442	2574	/Furniture/Jungle/Hotel/objHotelPlantsHolder2
1443	2574	/Furniture/Jungle/Hotel/objHotelPlant2
1444	2571	/Furniture/Jungle/Hotel/objBrokenBar2
1445	2572	/Furniture/Jungle/Hotel/objBrokenBarBottles
1446	2575	/Furniture/Jungle/Hotel/objHotelBed
1447	2576	/Furniture/Jungle/Hotel/objHotelCloset
1448	2577	/Furniture/Jungle/Hotel/objHotelMiniBar
1449	2578	/Furniture/Jungle/Hotel/objHotelNightStand
1450	2582	/Furniture/Jungle/Hotel/objHotelSink
1451	2583	/Furniture/Jungle/Hotel/objBoardedWindow
1452	2579	/Furniture/Jungle/Hotel/objHotelPainting
1453	2584	/Furniture/Jungle/Hotel/objBrokenDiningTable
1454	2585	/Furniture/Jungle/Hotel/objHotelBuffe
1455	2486	/Effects/Debris/objWoodDebris
1456	2587	/Furniture/Jungle/Hotel/objParasol
1457	2586	/Furniture/Jungle/Hotel/objSunChair
1458	2588	/Furniture/Jungle/Hotel/objBrokenReception
1460	2589	/Enemies/Soldier/objSoldierHiding
1461	2591	/NPCs/Cobra/Meth/objCobraEnemy
1463	2489	/Furniture/Floor/MethLab/objExplosionGround
1464	2596	/Enemies/Mafia/objEMafiaFat
1466	2603	/Furniture/Cobra/50BlessingsOffice/obj50BlessingsBluePrints
1467	2604	/Furniture/Cobra/50BlessingsOffice/obj50BlessingsForms
1468	2608	/Furniture/Cobra/50BlessingsOffice/obj50BlessingsDesk
1469	2607	/NPCs/Cobra/50Blessings/objCobraChair
1470	2611	/Furniture/Cobra/50BlessingsOffice/objManagerVan
1471	2612	/Effects/Debris/objMethDebris
1472	2609	/NPCs/Cobra/50Blessings/objCobraSitChair
1473	2618	/NPCs/Cobra/50Blessings/obj50Manager
1474	2606	/Misc/objFloppy
1475	2622	/Furniture/Rat/Bar/objRussianBarFlag
1476	2623	/Furniture/Rat/Bar/objTVHolder
1477	2621	/Furniture/Rat/Bar/objRussianBarBottles
1478	2620	/Furniture/Rat/Bar/objHuntingTrophy
1479	2619	/Furniture/Rat/Bar/objDartBoard
1480	2625	/Furniture/Rat/Bar/objRussianBarStove
1481	2626	/Furniture/Rat/Bar/objRussianPokerTable
1482	2627	/Furniture/Son/StripClub/objStripClubArmChair
1483	2628	/Furniture/Son/StripClub/objStripClubBar
1484	2629	/Furniture/Son/StripClub/objStripClubBooth
1485	2630	/Furniture/Son/StripClub/objStripClubBoothSmall
1486	2632	/Furniture/Son/StripClub/objStripClubMinibar
1487	2631	/Furniture/Son/StripClub/objStripClubEntryPodium
1488	2634	/Furniture/Son/StripClub/objStripClubPodium
1489	2635	/Furniture/Son/StripClub/objStripClubPodiumLights
1490	2636	/Furniture/Son/StripClub/objStripClubPole
1491	2637	/Furniture/Son/StripClub/objStripClubRunway
1492	2638	/Furniture/Son/StripClub/objStripClubRunwayLights
1493	2639	/Furniture/Son/StripClub/objStripClubSmallTable
1494	2640	/Furniture/Son/StripClub/objStripClubStool
1495	2641	/Furniture/Son/StripClub/objStripClubWardrobe
1496	2633	/Furniture/Son/StripClub/objStripClubPlant
1497	2642	/Furniture/Son/StripClub/objStripClubDJPlayer
1498	-1	/Interface/smokebackground/objNewBGSon
1499	-1	/Effects/discolights/objChangingRoomLight
1500	-1	/Effects/discolights/objBoothLight
1501	2645	/Furniture/Son/StripClub/objStripClubMakeUpTable
1502	2647	/Furniture/Son/StripClub/objStripClubPodiumPrivate
1503	2643	/Furniture/Son/StripClub/objStripClubClothesRack
1504	2644	/Furniture/Floor/objStripClubClothes
1505	2646	/Editor/objMakeUpMirror
1506	2651	/Furniture/Rat/Abandonned_Building/objFloorHole1
1507	2652	/Furniture/Rat/Abandonned_Building/objFloorHole2
1508	2653	/Furniture/Rat/Abandonned_Building/objFloorHole3
1509	2654	/Furniture/Rat/Abandonned_Building/objFloorHole4
1511	2656	/Furniture/Rat/Abandonned_Building/objRenovationWallH
1512	2657	/Furniture/Rat/Abandonned_Building/objRenovationWallV
1513	2650	/Furniture/Rat/Abandonned_Building/objFloorBoard
1514	2660	/Interface/vhs/VHSOptions/objPauseMenu
1515	2661	/Furniture/Rat/Villa/objChildrensBed
1516	2663	/Furniture/Rat/Villa/objRichDiningTable
1517	2664	/Furniture/Rat/Villa/objRichDesk
1518	2665	/Furniture/Rat/Villa/objSmallLiquorTable
1519	2662	/Furniture/Rat/Villa/objFountainStatue
1520	2666	/Furniture/Rat/Villa/objToyGun
1521	2667	/Furniture/Rat/Villa/objToyLego
1522	2668	/Furniture/Rat/Villa/objToyTurtle
1523	2669	/Furniture/Rat/Villa/objRichWorkTable
1524	2670	/Furniture/Rat/Villa/objRichMinibar
1525	2672	/Furniture/Henchman/ChopShop/objBeerCooler
1526	2674	/Furniture/Henchman/ChopShop/objSkateBox2
1527	2675	/Furniture/Henchman/ChopShop/objHalfPipe
1528	2673	/Furniture/Floor/objBrokenSkateboard
1529	2677	/Furniture/Floor/Hotel/objLuggage
1530	2681	/Enemies/Guards/objGuardMeleeRandom
1531	2681	/Enemies/Guards/objGuardMeleePatrol
1532	2679	/Enemies/Guards/objGuardRandom
1533	2679	/Enemies/Guards/objGuardStatic
1534	2679	/Enemies/Guards/objGuardPatrol
1535	-1	/Enemies/Guards/objGuard
1536	2701	/Furniture/Son/Bank/objBankChair
1537	2702	/Furniture/Son/Bank/objBankArmchair
1538	2703	/Furniture/Son/Bank/objBankSofa
1539	2704	/Furniture/Son/Bank/objBankCouch
1540	2705	/Furniture/Son/Bank/objBankRegisters
1541	2706	/Furniture/Son/Bank/objBankLoungeTable
1542	2707	/Furniture/Son/Bank/objBankDesk
1543	2708	/Furniture/Son/Bank/objBankSecurity
1544	2648	/Furniture/Son/Bank/objArmoredTransport
1545	2430	/Player/Kills/objPKillStick
1546	2710	/NPCs/Son/Bank/objRobberBag
1547	1453	/NPCs/Son/Bank/objRobber
1548	2718	/Misc/objWeaponBag
1549	2725	/Furniture/Son/Bank/objVaultOpening
1550	2721	/Furniture/Son/Bank/objBankLunchTable
1551	2722	/Furniture/Son/Bank/objBankMeetingTable
1552	2724	/Furniture/Son/Bank/objBankMoneyTable
1553	2723	/Furniture/Son/Bank/objBankMoneyCarrier
1555	2726	/Editor/objVaultDoor
1556	2727	/Furniture/Son/Bank/objBankMoneyCarrierStack
1557	2720	/Furniture/Son/Bank/objBankLocker
1558	2716	/NPCs/Son/Bank/objBanker
1560	2730	/Furniture/Son/Bank/objGoldBar
1561	2731	/Furniture/Son/Bank/objGoldStack
1562	2732	/Furniture/Son/Bank/objVaultMoneyBag
1563	2733	/Furniture/Son/Bank/objVaultTrophy
1564	2735	/NPCs/Son/Bank/objBodyGuard
1565	2738	/NPCs/Son/Bank/objGrandFather
1566	2737	/NPCs/Son/Bank/objFather
1567	1484	/Furniture/Son/Bank/objVaultMoneyCase
1568	-1	/Interface/objShade
1569	2744	/Editor/Editor_Menus/objWindowList
1571	1114	/Furniture/Jungle/Trees/objAlienPlant1
1572	1113	/Furniture/Jungle/Trees/objAlienPlant4
1573	1866	/Furniture/Fans/Squat/objFootBall
1574	460	/Furniture/objLeatherCouchSmall
1575	-1	/Interface/objEditorBackgroundColor
1576	-1	/Editor/Editor_Menus/objTopMenu
1577	-1	/Editor/Editor_Menus/objQuery
1578	-1	/Editor/Editor_Menus/objSelectPlayer
1579	-1	/Editor/Editor_Menus/objEditorWindow
1580	-1	/Editor/objEditorCharacters
1581	2748	/Editor/objNextButton
1582	-1	/Editor/objEditorPlayer
1583	-1	/Editor/objEditorCar
1584	-1	/Editor/objLoadLevel
1585	-1	/Player/Cars/objCar
1586	2744	/Editor/Editor_Menus/objDialogueEditor
1587	2750	/Furniture/Fans/HQ/objBearCar
1588	2751	/Furniture/Fans/HQ/objBearCarTrunk
1589	2749	/Misc/objMaskBox
1590	-1	/NPCs/Fans/HQ5/objFansHQScene5
1591	2753	/NPCs/Fans/HQ5/objSwan1HQ5
1592	2754	/NPCs/Fans/HQ5/objTigerHQ5
1593	2755	/NPCs/Fans/HQ5/objZebraHQ5
1594	462	/NPCs/Fans/HQ5/objBearHQ5
1595	2757	/NPCs/Fans/HQ5/objSwan2HQ5
1596	-1	/Effects/Ocean/objOcean
1598	-1	/Effects/Ocean/objOceanDay
1599	2761	/NPCs/Soldiers/Hotel/Beach/objJacketSunBathing
1600	2763	/NPCs/Soldiers/Hotel/Beach/objSquadCards
1601	2762	/NPCs/Soldiers/Hotel/Beach/objGeneralDrink
1602	2764	/Furniture/Floor/Jungle/objSurfBoard
1603	2766	/Furniture/Jungle/Beach/objCrab
1604	2768	/NPCs/Soldiers/Hotel/Outside/objUSASoldierM16
1605	2769	/NPCs/Soldiers/Hotel/Outside/objUSASoliderShotgun
1606	2770	/NPCs/Soldiers/Hotel/Outside/objSquadBlackLean
1607	2771	/NPCs/Soldiers/Hotel/Outside/objSquadFatLean
1608	-1	/NPCs/Soldiers/Hotel/Aftermath/objHotelAftermath
1609	2678	/Furniture/Jungle/objHotelCars
1610	2774	/NPCs/Fans/HQ4/objZebraIdle
1611	2773	/NPCs/Fans/HQ4/objTigerLeanTable
1612	-1	/NPCs/Fans/HQ4/objFansHQScene4
1613	2776	/NPCs/Fans/HQ4/objSwanIdleJoint
1614	2778	/Player/Son/objSonIdleBox
1615	1786	/NPCs/Son/Hideout2/objHenchmanEnter
1616	2780	/Furniture/Fans/SwanApartment/objSwanArmChair
1617	2781	/Furniture/Fans/SwanApartment/objSwanBed
1618	2782	/Furniture/Fans/SwanApartment/objSwanTable
1619	2783	/Furniture/Fans/SwanApartment/objSwanPhones
1620	2784	/Furniture/Fans/SwanApartment/objSwanStereo
1621	2785	/Furniture/Fans/SwanApartment/objSwanTVShelf
1622	2787	/Furniture/Fans/SwanApartment/objSwanKitchenIsland
1623	2793	/Furniture/Fans/SwanApartment/objSwanCouch
1625	2792	/Misc/objSwanOutfit
1626	2786	/Misc/objSwanClothes
1627	2790	/NPCs/Fans/SwanAparmtent/objSwanTowel
1628	-1	/NPCs/Fans/SwanAparmtent/objSwanAparment
1629	2795	/Furniture/Cobra/50BlessingsBunker/obj50BlessingsFileCabinetNew
1630	2796	/Furniture/Cobra/50BlessingsBunker/obj50BlessingsComputerTableNew
1632	2797	/Furniture/Cobra/50BlessingsBunker/obj50BlessingsCounterNew
1633	2798	/Furniture/Cobra/50BlessingsBunker/obj50BlessingsKitchenNew
1634	2799	/Furniture/Cobra/50BlessingsBunker/obj50BlessingsTableNew
1635	2800	/Furniture/Cobra/50BlessingsBunker/obj50BlessingsKitchenTableNew
1636	2801	/Furniture/Cobra/50BlessingsBunker/obj50BlessingsFoodPrep
1637	2802	/NPCs/Cobra/50BlessingsBunker/obj50BlessingsNerd
1638	2618	/NPCs/Cobra/50BlessingsBunker/obj50ManagerBunker
1639	2806	/NPCs/Son/Hideout3/objRobberVodka
1640	2807	/NPCs/Son/Hideout3/objRobberVodkaBag
1641	-1	/NPCs/Son/Hideout3/objHideout3
1642	-1	/Misc/LightSmoke/objNightmareLight
1643	2810	/Furniture/Writer/BikerBar/objBrokenBar
1644	2811	/Furniture/Writer/BikerBar/objBrokenBarBooth
1645	2812	/Furniture/Writer/BikerBar/objBrokenBarChair
1646	2813	/Furniture/Writer/BikerBar/objBrokenBarCouch
1647	2814	/Furniture/Writer/BikerBar/objBrokenBarTable
1648	2815	/Furniture/Writer/BikerBar/objBrokenBarTableFans
1649	2822	/NPCs/Writer/BikerBar/objBikerBroken
1650	2817	/NPCs/Writer/BikerBar/objZebraBroken
1651	2818	/NPCs/Writer/BikerBar/sprBearBroken
1652	2819	/NPCs/Writer/BikerBar/objCobraBroken
1653	2816	/NPCs/Writer/BikerBar/objSonBroken
1654	2820	/NPCs/Writer/BikerBar/objPigBroken
1655	2821	/NPCs/Writer/BikerBar/objNickeBroken
1656	2022	/NPCs/Writer/BikerBar/objWriterBroken
1657	-1	/Editor/objCursor
1658	2837	/Furniture/Fans/DeathWish/objFancyDesk
1659	2833	/Furniture/Fans/DeathWish/objFancyDeskBase
1660	2834	/Furniture/Fans/DeathWish/objFancyOfficeChair
1661	2835	/Furniture/Fans/DeathWish/objFancyOfficeCouch
1662	2836	/Furniture/Fans/DeathWish/objFancyOfficeCouchSmall
1663	2838	/Furniture/Fans/DeathWish/objFancyOfficeFountainBig
1664	2839	/Furniture/Fans/DeathWish/objFancyOfficeFountainMedium
1665	2840	/Furniture/Fans/DeathWish/objFancyOfficeFountainSmall1
1666	2841	/Furniture/Fans/DeathWish/objFancyOfficeFountainSmall2
1667	2842	/Furniture/Fans/DeathWish/objFancyOfficeMeetingTable1
1668	2843	/Furniture/Fans/DeathWish/objFancyOfficeMeetingTable2
1669	2844	/Furniture/Fans/DeathWish/objFancyOfficeTable
1670	2847	/Furniture/Fans/DeathWish/objFancyOfficeMiamiModel
1671	2845	/Furniture/Fans/DeathWish/objFancyOfficeTree
1672	2846	/Furniture/Fans/DeathWish/objFancyOfficeWallLamp
1673	2860	/Furniture/Fans/DeathWish/Lab/objFancyLabCounterBig
1674	2861	/Furniture/Fans/DeathWish/Lab/objFancyLabCounterSmall1
1675	2862	/Furniture/Fans/DeathWish/Lab/objFancyLabCounterSmall2
1676	2863	/Furniture/Fans/DeathWish/Lab/objFancyLabCart
1677	2875	/Furniture/Fans/DeathWish/objFancyOfficeMeetingTableSmall
1678	2874	/Furniture/Fans/DeathWish/objFancyFloorLight
1679	2876	/Effects/Smoke/objWallTV
1680	2878	/Furniture/Fans/DeathWish/Lab/objFancyLabIsland
1681	2879	/Furniture/Son/Bank/objBankWhiteBoard
1682	2880	/Furniture/Fans/DeathWish/objFancyFloorLightDark
1683	2908	/Furniture/Fans/DeathWish/Roof/objRoofGenerator
1684	2909	/Furniture/Fans/DeathWish/Roof/objRoofVent
1685	2907	/Furniture/Fans/DeathWish/Roof/objRoofHelipad
1686	2910	/Editor/objRoofWallH
1687	2911	/Editor/objRoofWallV
1688	2912	/Editor/objRoofWallCorner
1689	2906	/NPCs/Fans/DeathWish/objSwan2BreakIn
1690	1735	/NPCs/Fans/DeathWish/objSwan1DeathWish
1691	293	/NPCs/Fans/DeathWish/objTigerDeathWish
1692	1775	/NPCs/Fans/DeathWish/objBearDeathWish
1693	326	/NPCs/Fans/DeathWish/objZebraDeathWish
1694	-1	/NPCs/Fans/DeathWish/objDeathWishFloor1
1695	2919	/Furniture/Cop/Mall/objSlidingDoorsDark
1696	2919	/NPCs/Fans/DeathWish/objLockedSlidingDoors
1697	-1	/NPCs/Fans/DeathWish/objDeathWishRoof
1699	468	/NPCs/Fans/DeathWish/objSwanRoof
1700	-1	/Interface/vcapexample/objVideoCapturer
1702	2351	/NPCs/Fans/DeathWish/objSonRoof
1703	-1	/NPCs/Fans/DeathWish/objWalkieTalkie
1704	2931	/NPCs/Fans/HQParty/objCastanets
1705	2932	/NPCs/Fans/HQParty/objCocoBryce
1706	2935	/NPCs/Fans/HQParty/objMagicSword
1707	2939	/NPCs/Fans/HQParty/objScattle
1708	2930	/NPCs/Fans/HQParty/objCarpenterBrut
1709	2933	/NPCs/Fans/HQParty/objElin
1710	2936	/NPCs/Fans/HQParty/objMagna
1711	2938	/NPCs/Fans/HQParty/objRiddarna
1712	2934	/Furniture/Floor/objElTigre
1713	2937	/Furniture/Floor/objMegaDrive
1714	2928	/NPCs/Fans/PizzaPlace/objMike
1715	2927	/NPCs/Fans/PizzaPlace/objNigel
1716	2926	/NPCs/Fans/PizzaPlace/objHarry
1717	2925	/NPCs/Fans/PizzaPlace/objAndrew
1718	2924	/NPCs/Fans/PizzaPlace/objGraeme
1719	2929	/NPCs/Fans/PizzaPlace/objRick
1720	1214	/NPCs/Fans/PizzaPlace/objRicksBird
1721	2940	/Furniture/Fans/PizzaPlace/objPizzaTableNoChairs
1722	-1	/Interface/Scene/City/objBloodDrawRed
1723	2941	/Furniture/Writer/Court/objCourtEvidence
1724	2996	/Editor/objSubwayWallV
1725	2997	/Editor/objBoatRailingH
1726	2998	/Editor/objBoatRailingV
1727	2999	/Furniture/Cop/Boat/objContainerFloor
1728	3000	/Furniture/Cop/Boat/objContainer
1729	3001	/Furniture/Cop/Boat/objBoatBridge
1730	3002	/Furniture/Cop/Boat/objBoatTurbine
1731	3003	/Furniture/Cop/Boat/objBoatBed
1732	3004	/Furniture/Cop/Boat/objBoatCargoBig
1733	3005	/Furniture/Cop/Boat/objBoatCargoSmall
1734	3006	/Furniture/Cop/Boat/objBoatSuppliesMeds
1735	3007	/Furniture/Cop/Boat/objBoatTable
1736	3008	/Furniture/Cop/Boat/objBoatRing
1737	3009	/Enemies/Colombians/objColombianHiding
1738	3010	/Effects/BoatWaves/objWaves
1740	3015	/Furniture/Floor/sprEntryBridge
1741	3014	/Furniture/Cop/Boat/objBoatRope
1742	3013	/Furniture/Cop/Boat/objForkLift
1743	3018	/Furniture/Cop/Boat/objSeagull
1744	3016	/Furniture/Cop/Boat/objBoatLamp
1745	3017	/Furniture/Cop/Boat/sprBoatLampBroken
1746	3021	/Misc/LightSmoke/objBoatFrost
1747	-1	/Misc/LightSmoke/objFrostSparkle
1748	1085	/Furniture/Jungle/Trees/objPalmTreeEvening
1749	1089	/Furniture/Jungle/Trees/objBigTreeEvening
1750	3027	/NPCs/Soldiers/PowerPlant/objNickeSitGround
1751	-1	/NPCs/Soldiers/PowerPlant/objTentScene
1752	3023	/NPCs/Soldiers/PowerPlant/objGeneralCrazy
1753	3032	/Furniture/Floor/Jungle/objGeneralFlag
1754	3033	/Furniture/Floor/Jungle/objPantherDead
1755	3034	/Furniture/Floor/Jungle/objPantherFace
1757	3041	/Furniture/Jungle/PowerPlant/objPowerPlantBox
1758	3042	/Furniture/Jungle/PowerPlant/objPowerPlantBox2
1759	3043	/Furniture/Jungle/PowerPlant/objPowerPlantTesla
1760	3044	/Furniture/Jungle/PowerPlant/objPowerPlantTurbine
1761	3045	/Furniture/Jungle/PowerPlant/objPowerPlantTurbineSmall
1762	3046	/Editor/objPowerPlantFenceH
1763	3047	/Editor/objPowerPlantFenceV
1764	3036	/Furniture/Jungle/PowerPlant/objPowerPlantDangerSignBroken
1765	3035	/Furniture/Jungle/PowerPlant/objPowerPlantDangerSign
1766	3038	/Furniture/Jungle/PowerPlant/objPowerLineEnd
1767	3039	/Furniture/Jungle/PowerPlant/objPowerLineMiddle
1768	3037	/Furniture/Jungle/PowerPlant/objPowerLines
1769	3040	/Furniture/Jungle/PowerPlant/objPowerPlantPipes
1770	-1	/Effects/JungleEveningOverlay/objJungleEveningOverlay
1771	-1	/Interface/Scene/NickeScene/objJungleEveningScene
1772	-1	/Interface/Scene/NickeScene/objJungleEveningBG
1773	3050	/NPCs/Soldiers/PowerPlant/objGeneralStand
1774	3051	/NPCs/Soldiers/Jungle/objSquadFatIdleGun
1775	-1	/Furniture/Jungle/PowerPlant/CaveStuff/objCaveOpening
1776	3048	/Furniture/Jungle/PowerPlant/objPowerLineWall
1777	3056	/Furniture/Jungle/PowerPlant/objParkingLot
1778	3057	/Furniture/Jungle/PowerPlant/objCarFiat
1779	3054	/Editor/objPowerPlantWallBroken
1780	3055	/NPCs/Soldiers/PowerPlant/objSquadBlackPullWall
1781	3061	/Furniture/Jungle/PowerPlant/Inside/objPowerPlantMonitor1
1782	3058	/Furniture/Jungle/PowerPlant/Inside/objPowerPlantMonitor2
1783	3063	/Furniture/Jungle/PowerPlant/Inside/objPowerPlantMonitor3
1784	3053	/Furniture/Jungle/PowerPlant/Inside/objPowerPlantTerminal
1785	3060	/Furniture/Jungle/PowerPlant/Inside/objPowerPlantFuseBox
1786	3069	/Furniture/Jungle/PowerPlant/Inside/objPowerPlantMonitor1Dead
1787	3070	/Furniture/Jungle/PowerPlant/Inside/objPowerPlantMonitor2Dead
1788	3071	/NPCs/Soldiers/PowerPlant/objRussianGeneralSuicide
1789	3066	/Furniture/Floor/objEngineerDeadWall
1790	3067	/Furniture/Floor/objEngineerDead
1791	3072	/NPCs/Soldiers/PowerPlant/objSquadBlackPickLock
1792	2242	/NPCs/Soldiers/PowerPlant/objSquadJacketPowerPlant
1793	-1	/NPCs/Soldiers/PowerPlant/objPowerPlantScene
1794	1320	/Effects/ElevatorExplosion/objExplodingElevator
1796	-1	/Furniture/Jungle/PowerPlant/CaveStuff/objPowerPlantExplosions
1797	3085	/NPCs/Soldiers/PowerPlant/Outro/objJacketThanks
1803	-1	/Effects/NuclearBlast/objNuclearBombNicke
1804	3093	/Furniture/Cop/Mall/FoodStore/objStoreCounter
1805	3094	/Player/Nicke/objNickeStore
1806	-1	/NPCs/Writer/Subway/objSubwayExit
1809	3154	/Enemies/Bosses/SwanBoss/objSwanBossBody
1810	3163	/Enemies/Bosses/SwanBoss/objSwanChainsawHead
1811	3163	/Enemies/Bosses/SwanBoss/objSwanGunHead
1812	3157	/Enemies/Bosses/SwanBoss/objSwanBullet
1814	3156	/Enemies/Bosses/SwanBoss/objSwanShadow
1815	3159	/Enemies/Bosses/SwanBoss/objSwanBrainChunk
1816	3166	/Enemies/Bosses/SwanBoss/objSwanShadowDive
1817	3167	/Enemies/Bosses/SwanBoss/objSwanChunks
1818	3173	/Misc/Weapons/objAxe
1822	3170	/Enemies/Bosses/BearBoss/objBearBoss
1823	1772	/Player/objPlayerDieBear
1824	3178	/Enemies/Bosses/BearBoss/objGolfBag
1825	3179	/Enemies/Bosses/ZebraBoss/objZebraGlassV
1826	3180	/Enemies/Bosses/ZebraBoss/objZebraShard
1827	3181	/Enemies/Bosses/ZebraBoss/objZebraShine
1828	3182	/Enemies/Bosses/ZebraBoss/objZebraBoss
1829	-1	/Enemies/Bosses/ZebraBoss/objZebraLauncher
1830	-1	/Enemies/Bosses/ZebraBoss/objZebraFade
1831	3184	/Enemies/Bosses/ZebraBoss/objZebraParts
1832	-1	/Effects/Rainbow/objRainbow
1833	-1	/Interface/Credits/objCredits
1834	-1	/Interface/Credits/objCredits2
1835	3190	/Effects/Rainbow/objHeavensGateLeft
1836	3191	/Effects/Rainbow/objHeavensGateRight
1837	-1	/Enemies/objBoss
1838	3195	/Furniture/Son/LSD/objSonStashTable
1840	2806	/NPCs/Son/LSD/LSDGate/objMafiaDrinkLSD
1841	2807	/NPCs/Son/LSD/LSDGate/objMafiaDrinkBagLSD
1842	3201	/NPCs/Son/LSD/LSDGate/objMafiaSlither
1843	69	/NPCs/Son/LSD/LSDGate/objMafiaSuicide
1844	3203	/Player/Kills/Specific/objSonKillMafia
1845	-1	/NPCs/Son/LSD/LSDGate/objLSDGateScene
1846	3198	/NPCs/Son/LSD/LSDGate/objSonSuckedIn
1847	3210	/Furniture/Son/LSD/objSonCouchLSD
1848	3213	/Furniture/Son/LSD/objLSDSink
1849	3211	/Furniture/Son/LSD/objSonTableLSD
1850	-1	/NPCs/Son/LSD/Intro/objLSDIntro
1851	3245	/NPCs/Son/LSD/Intro/objSonTakeLSD
1852	1453	/NPCs/Son/LSD/Intro/objMafiaFlip
1853	304	/Furniture/Son/LSD/objLSDShotgun
1854	3226	/Enemies/Mafia/objFatMafiaLSD
1855	-1	/Furniture/Son/LSD/objLSDBush
1856	3237	/Furniture/Son/LSD/objLSDBushBig
1857	3239	/Furniture/Son/LSD/objLSDBushCorner
1858	3241	/Furniture/Son/LSD/objLSDBushSmall
1859	3238	/Furniture/Son/LSD/objLSDBushBigVines
1860	3238	/Furniture/Son/LSD/objLSDBushCornerVines
1861	-1	/Furniture/Son/LSD/objLSDBushVines
1862	3233	/NPCs/Son/LSD/Intro/objMafiaArcade
1863	2081	/NPCs/Son/LSD/Intro/objMafiaIdlePhone
1864	2806	/NPCs/Son/LSD/Intro/objMafiaDrinkStill
1865	2077	/NPCs/Son/LSD/Intro/objMafiaSmoke
1866	1453	/NPCs/Son/LSD/Intro/objMafiaStand
1867	3246	/Effects/Smoke/ArcadeMachines/objArcadeMotherRussia
1868	3249	/Enemies/Bosses/TigerBoss/objShotgunMonumentLSD
1869	3248	/Enemies/Bosses/TigerBoss/objShotgunMonumentPileLSD
1870	-1	/Interface/LSDblend/objLSDBlendNew
1871	3250	/Enemies/Bosses/SwanBoss/Floor/objMafiaCorpse1LSD
1872	3251	/Enemies/Bosses/SwanBoss/Floor/objMafiaCorpse2LSD
1873	3252	/Enemies/Bosses/SwanBoss/Floor/objMafiaCorpse3LSD
1874	3253	/Enemies/Bosses/SwanBoss/Floor/objMafiaCorpse4LSD
1875	-1	/Enemies/Bosses/SwanBoss/Floor/objMafiaCorpse
1876	-1	/Enemies/Bosses/SwanBoss/Floor/objMafiaMovingCorpse
1877	3261	/NPCs/Son/LSD/Floor1/objMafiaEatLSD
1878	3263	/Effects/objMafiaFlameOut
1879	3267	/Furniture/Son/LSD/objLSDLabIsland
1880	3278	/Enemies/Bosses/GangLeader/objGangLeader
1881	-1	/Enemies/objWayPoint
1882	3284	/Misc/objGangLeaderPipe
1883	3277	/Misc/objGangLeaderGlasses
1886	3287	/Enemies/Dodger/objColombianDodger
1887	3289	/Furniture/Son/ColombianVilla/objDrumKitDisplay
1889	3290	/Furniture/Son/ColombianVilla/objGuitarDisplay
1890	3291	/Furniture/Son/ColombianVilla/objSynthDisplay
1891	3292	/Furniture/Son/ColombianVilla/objMicrophone
1892	3293	/Furniture/Son/ColombianVilla/objMicrophoneCords
1893	3294	/Furniture/Son/ColombianVilla/objMixerTable
1894	3295	/Furniture/Son/ColombianVilla/objVillaArmchair
1895	3296	/Furniture/Son/ColombianVilla/objVillaCouchBig
1896	3297	/Furniture/Son/ColombianVilla/objVillaCouch
1897	3298	/Furniture/Son/ColombianVilla/objVillaDiningTable
1898	3299	/Furniture/Son/ColombianVilla/objVillaStatue
1899	3301	/Furniture/objSmallTable
1900	3302	/Furniture/objDiningTable
1901	3303	/Furniture/objBookshelfBig2
1902	3304	/Furniture/objDresser
1903	3303	/Furniture/objBookshelfBig
1904	3307	/Furniture/Son/ColombianVilla/objVillaBar
1905	3311	/Furniture/Son/ColombianVilla/objVillaPool
1906	3306	/Furniture/Son/ColombianVilla/objPoolChair
1907	3308	/Furniture/Son/ColombianVilla/objVillaBed
1908	3309	/Furniture/Son/ColombianVilla/objVillaDesk
1909	3310	/Furniture/Son/ColombianVilla/objVillaDeskBase
1910	3312	/Furniture/Son/ColombianVilla/objVillaSecurity
1911	3313	/Furniture/Son/ColombianVilla/objVillaStatueSmall
1912	3314	/Furniture/Son/ColombianVilla/objVillaJacuzzi
1913	3300	/Furniture/Floor/objGolfPieces
1914	3320	/NPCs/Son/ColombianVilla/objColombianHenchman
1915	3316	/NPCs/Son/ColombianVilla/objColombianBoss
1916	2288	/NPCs/Son/ColombianVilla/objColombianNPC
1917	1500	/NPCs/Son/ColombianVilla/objMafiaNPC
1918	3317	/NPCs/Son/ColombianVilla/objColombianBossChair
1919	-1	/NPCs/Son/ColombianVilla/objColombianVillaScene
1920	3326	/Furniture/Son/ColombianVilla/objVillaAngel
1921	3328	/Furniture/Son/ColombianVilla/objVillaEntertainmentSystem
1922	3331	/Furniture/Son/ColombianVilla/objVillaSwimmingPool
1923	3329	/Furniture/Son/ColombianVilla/objVillaFountain
1924	3330	/Furniture/Son/ColombianVilla/objVillaTrophies
1925	3332	/Furniture/Son/ColombianVilla/objWineRack
1926	3333	/Furniture/Son/ColombianVilla/objVillaBottles
1927	3334	/Furniture/Son/ColombianVilla/objPoolTray
1928	3327	/Furniture/Son/ColombianVilla/objEntryAngel
1929	3335	/Effects/Smoke/ArcadeMachines/objArcadeGuns2
1930	3337	/Effects/Smoke/ArcadeMachines/sprArcadeNidhogg
1931	3339	/Effects/Smoke/ArcadeMachines/objArcadeIsaac
1932	3341	/Effects/Smoke/ArcadeMachines/objArcadeMeatBoy
1933	3359	/NPCs/Cop/Nightmare/Phantom/objPhantom
1934	3348	/Player/Cop/objPhantomChokeCop
1935	3345	/NPCs/Cop/Nightmare/Phantom/objPhantomFall
1936	3351	/NPCs/Cop/Nightmare/Phantom/objPoliceTape
1937	3354	/NPCs/Cop/Nightmare/Phantom/objGolfCart
1938	2388	/NPCs/Cop/Nightmare/Phantom/objCopGun
1939	3356	/NPCs/Cop/Nightmare/PoliceStation/objPoliceChief
1940	3358	/Furniture/Cop/Nightmare/objPoliceChiefDesk
1941	3354	/NPCs/Cop/Nightmare/PoliceStation/objGolfCartDrive
1942	3360	/Furniture/objBedNormal
1943	1335	/NPCs/Cop/Nightmare/PoliceStation/objPolicePoint2
1944	3367	/NPCs/Cop/Nightmare/PoliceStation/objWriterInterrogation
1945	3368	/Furniture/Cop/CrimeScenes/CrimeScene1/objBloodMessage
1946	3369	/Furniture/Cop/CrimeScenes/CrimeScene1/objCrimeSceneSign
1947	3370	/Furniture/Cop/CrimeScenes/CrimeScene1/objCrimeSceneVictims
1948	3371	/NPCs/Cop/CrimeScenes/objCSIPhotographer
1949	3372	/NPCs/Cop/CrimeScenes/objCSIOfficers
1951	3374	/Furniture/Cop/Apartment/objCopBed
1952	3376	/Furniture/Cop/Apartment/objCopCloset
1953	3377	/Furniture/Cop/Apartment/objCopCouch
1954	3379	/Furniture/Cop/Apartment/objCopCupboard
1955	3380	/Furniture/Cop/Apartment/objCopCounter
1956	3381	/Furniture/Cop/Apartment/objCopNightstand
1957	3384	/Furniture/Cop/Apartment/objCopTable
1958	3386	/Furniture/Floor/objCSIBag
1959	3378	/Furniture/Floor/objCopCouchCushion
1960	3387	/Player/Cop/objCopSearch
1961	-1	/objNoiseStartBlack
1962	3390	/Player/Cop/objCopWakeUp
1963	3394	/NPCs/Fans/DeathWish/Outro/objSwat
1964	3395	/NPCs/Fans/DeathWish/Outro/objSwatWall
1965	3396	/NPCs/Fans/DeathWish/Outro/objSwatCorner
1966	3397	/NPCs/Fans/DeathWish/Outro/objSwatCrouch
1967	3398	/NPCs/Fans/DeathWish/Outro/objFansDead
1968	3401	/NPCs/Fans/DeathWish/Outro/objSwatBossStand
1969	3400	/NPCs/Fans/DeathWish/Outro/objTigerGiveUp
1970	3394	/NPCs/Fans/DeathWish/Outro/objSwatTalk
1971	3404	/Furniture/Fans/DeathWish/objSwatBus
1972	3405	/NPCs/Fans/DeathWish/Outro/objPoliceStand
1973	3406	/NPCs/Fans/DeathWish/Outro/objSonDeadFall
1974	-1	/NPCs/Cop/CrimeScenes/CrimeScene1/objCrimeScene1
1975	3409	/Furniture/Floor/objVomitPuddle
1977	3408	/NPCs/Cop/CrimeScenes/CrimeScene2/objCSIVomit
1978	3410	/NPCs/Cop/CrimeScenes/objVictimCar
1979	3411	/Furniture/Cop/Apartment/objMaskBoxNightmare
1980	3412	/Furniture/Writer/Home/objWriterBed
1981	3414	/Furniture/Writer/Home/objFirePlaceWriter
1982	3420	/Furniture/Writer/Home/objWifeNightStand
1983	3423	/Furniture/Writer/Home/objWriterChairFallen
1984	3425	/Furniture/Writer/Home/objCrib
1985	3426	/Furniture/Writer/Home/objKidBed
1986	3427	/Furniture/Writer/Home/objWriterKitchenTable
1987	3428	/Furniture/Writer/Home/objWriterLivingroomTable
1988	3429	/Furniture/Writer/Home/objWriterNightStand
1989	3430	/Furniture/Writer/Home/objWriterPhone
1990	3431	/Furniture/Writer/Home/objWriterVinylTable
1991	3432	/Furniture/Writer/Home/objWriterDeskChair
1992	3433	/Furniture/Writer/Home/objWriterDesk
1993	3413	/Furniture/Writer/Home/objBrokenFrame
1994	3416	/Furniture/Writer/Home/objNESCartridge
1995	3417	/Furniture/Writer/Home/objToyGun2
1996	3418	/Furniture/Writer/Home/objToyLego2
1997	3419	/Furniture/Writer/Home/objToyTurtle2
1998	3422	/Furniture/Writer/Home/objCaseFile
1999	3424	/Furniture/Writer/Home/objWriterDoorMat
2000	3421	/Furniture/Writer/Home/objWifeNote
2001	3435	/Furniture/Writer/Home/objWriterKitchenCupboard
2002	3436	/Furniture/Writer/Home/objWriterKitchenCounter
2003	3437	/Furniture/Writer/Home/objWriterKitchenSink
2004	3438	/Furniture/Writer/Home/objWriterTVBench
2005	3441	/Furniture/Writer/Home/objFireWood
2006	3442	/Player/Writer/objWriterType
2007	3444	/Player/Writer/objWriterInterview1
2008	3445	/Player/Writer/objWriterInterview2
2009	3446	/Misc/objNotepad
2010	3447	/Furniture/Writer/Home/objWifeLetter
2011	3444	/Player/Writer/objWriterInterview3
2012	3449	/Furniture/Rat/Home/objRatKitchenSink
2013	3450	/Furniture/Rat/Home/objRatArmChair
2014	3451	/Furniture/Rat/Home/objRatBed
2015	3452	/Furniture/Rat/Home/objRatBedSupplies
2016	3453	/Furniture/Rat/Home/objRatCar
2017	3454	/Furniture/Rat/Home/objRatCouch
2018	3455	/Furniture/Rat/Home/objRatKitchenTable
2019	3456	/Furniture/Rat/Home/objRatKitchenCupboard
2020	3457	/Furniture/Rat/Home/objRatKitchenCounter
2021	3458	/Furniture/Rat/Home/objRatMomBed
2022	3459	/Furniture/Rat/Home/objRatPhone
2023	3461	/Furniture/Rat/Home/objRatTrophies
2024	3462	/Furniture/Rat/Home/objRatTrashcan
2025	3463	/Furniture/Rat/Home/objRatTub
2026	3464	/Furniture/Rat/Home/objRatElevatorChair
2027	3465	/Furniture/Rat/Home/objRatElevatorRails
2028	3466	/Furniture/Rat/Home/objRatVacuum
2029	3468	/Furniture/Rat/Home/objRatFreezer
2030	3471	/Furniture/Rat/Home/objHandicapToilet
2031	3470	/Furniture/Rat/Home/objRatSafe
2032	3469	/Furniture/Rat/Home/objRatDesk
2033	3472	/Misc/LightSmoke/objBarSmoke
2035	3478	/NPCs/Rat/Home/objRatMomLieDown
2037	3476	/NPCs/Rat/Home/objRatMomSit
2038	3483	/Player/Cars/Rat_Bus/objRatBus
2039	3484	/Player/Cars/Rat_Bus/objRatBusFloor
2040	3485	/Player/Cars/Rat_Bus/objRatBusStop
2041	3486	/Furniture/Rat/Home/objRatChair
2042	3477	/NPCs/Rat/Home/objRatMomEat
2043	3479	/NPCs/Rat/Home/objRatMomSickTalk
2044	3478	/NPCs/Rat/Home/objRatMomSick
2045	3483	/Player/Cars/Rat_Bus/objRatBusDrive
2046	3487	/Furniture/Writer/BikerBar/objBrokenVehicles
2047	3488	/NPCs/Writer/BikerBar/sprBrokenBarDumpster
2048	-1	/Interface/objRatClear
2049	-1	/Interface/SplashScreens/DennatonSplash/objSplash
2050	3514	/NPCs/Credits/objRatCredits
2051	-1	/Effects/NuclearBlast/objNukeCredits
2052	3513	/NPCs/Credits/objMomCredits
2053	-1	/Credits/objCreditsDennaton
2054	-1	/Credits/objCreditsDevolver
2055	-1	/Credits/objCreditsAbstraction
2056	-1	/Credits/objCreditsMusicians
2058	-1	/Credits/objCreditsSony
2059	-1	/Credits/objCreditsSpecialThanks
2060	3516	/NPCs/Credits/objWriterCredits
2061	3515	/NPCs/Credits/objWriterBabyCredits
2062	3517	/NPCs/Credits/objWriterKidCredits
2063	3518	/NPCs/Credits/objWriterWifeCredits
2064	3442	/NPCs/Credits/objWriterWriteCredits
2065	3510	/NPCs/Credits/objCopCredits
2066	3511	/NPCs/Credits/objCopCreditsBottle
2067	3509	/NPCs/Credits/objActressCredits
2068	3524	/NPCs/Credits/objPrisonBedCredits
2069	3512	/NPCs/Credits/objJacketCredits
2070	-1	/Credits/Hotline3/objHotlineMiami3
2071	3530	/Credits/Hotline3/objBrokenHouse
2072	2076	/NPCs/Son/Hideout2/objStripper1
2073	3540	/NPCs/Son/Hideout2/objStripper2
2074	3541	/NPCs/Son/Hideout2/objStripper3
2075	3542	/NPCs/Son/Hideout2/objStripper4
2076	3543	/NPCs/Son/Hideout2/objStripperSnort
2077	2079	/NPCs/Son/Hideout2/objSonHideout2Outro
2078	3544	/Misc/objMoneyPile
2079	3545	/NPCs/Intro/objIntroTable
2080	3546	/NPCs/Intro/objCopIntro
2081	3547	/NPCs/Intro/objFansIntro
2082	3548	/NPCs/Intro/objHenchIntro
2083	3549	/NPCs/Intro/objNickeIntro
2084	3550	/NPCs/Intro/objPigIntro
2085	3551	/NPCs/Intro/objRatIntro
2086	3552	/NPCs/Intro/objRichardIntro
2087	3553	/NPCs/Intro/objCobraIntro
2088	3554	/NPCs/Intro/objSonIntro
2089	3555	/NPCs/Intro/objWriterIntro
2090	3556	/NPCs/Intro/objMovieScreen
2091	-1	/NPCs/Intro/objIntroDarkness
2092	2089	/NPCs/Son/Hideout4/objSonGuardSitTalk
2093	2778	/Player/Son/objSonIdleBoxColombian
2094	3560	/Furniture/Son/Hideout/objHumanBoxingBag
2095	3562	/Furniture/Son/Hideout/objColombianClothes
2096	3563	/Furniture/Floor/Bunker/objFiftyScribble
2097	3564	/Furniture/objLamp
2098	3565	/NPCs/Cobra/CobraHotHeavy/objCobraHotHeavy
2099	3567	/NPCs/Cobra/CobraHotHeavy/objMafiaCobra
2100	3569	/Enemies/Bosses/PrisonBoss/objPrisonBoss
2101	3571	/Enemies/Bosses/PrisonBoss/objPrisonBossKill
2102	3624	/Editor/objCellDoorV
2103	3623	/Editor/objBlackRailsV
2104	3606	/Player/Rat/objRatPrison
2105	3284	/Misc/Weapons/objPipeBig
2106	3627	/Misc/Weapons/objBrush
2107	3628	/Player/Kills/Specific/objRatKillBrush
2108	-1	/Enemies/Prisoner/objPrisoner
2109	3575	/Enemies/Prisoner/objPrisonerMeleeRandom
2110	3578	/Enemies/Prisoner/objPrisonerMeleePatrol
2111	3576	/Enemies/Prisoner/objPrisonerRandom
2112	3576	/Enemies/Prisoner/objPrisonerStatic
2113	3576	/Enemies/Prisoner/objPrisonerPatrol
2114	3597	/NPCs/Rat/Prison/BossFight/objPrisonerCheer1
2115	3598	/NPCs/Rat/Prison/BossFight/objPrisonerCheer2
2116	3599	/NPCs/Rat/Prison/BossFight/objPrisonerCheer3
2117	3633	/NPCs/Rat/Prison/BossFight/objPrisonerCheerPipe
2118	3634	/NPCs/Rat/Prison/BossFight/objPrisonerThrow
2119	3284	/NPCs/Rat/Prison/BossFight/objThrowPipe
2120	3639	/NPCs/Rat/Prison/BossFight/objPrisonerCheer5
2121	3638	/NPCs/Rat/Prison/BossFight/objPrisonerCheer4
2122	3646	/Furniture/Rat/Prison/objVisitorBooth
2123	3647	/Furniture/Rat/Prison/objVisitorBoothStool
2124	3642	/NPCs/Rat/Prison/Visit/objJacketPhone
2125	3644	/NPCs/Rat/Prison/Visit/objLawyerPhone
2126	3618	/NPCs/Rat/Prison/Visit/objRatPrisonPhone
2127	3640	/NPCs/Rat/Prison/Visit/objDennis
2128	3641	/NPCs/Rat/Prison/Visit/objJonatan
2129	3650	/NPCs/Rat/Prison/Visit/objGuardRatPrison
2130	3651	/NPCs/Rat/Prison/Visit/objGuardIdleStand
2131	3657	/Furniture/Rat/Prison/objPrisonBed
2132	3658	/Furniture/Rat/Prison/objPrisonDesk
2133	3659	/Furniture/Rat/Prison/objPrisonChair
2134	3662	/Furniture/Rat/Prison/objPrisonDiningTable
2135	3663	/Furniture/Rat/Prison/objPrisonLocker
2137	3660	/Furniture/Floor/Prison/objPrisonCorpses
2138	3661	/Furniture/Floor/Prison/objPrisonCorpsesWall
2139	63	/Editor/objFurnitureWallV
2140	62	/Editor/objFurnitureWallH
2141	2681	/NPCs/Rat/Prison/Visit/objGuardWallOff
2142	3668	/Effects/PrisonFire/objBurningBible
2143	3669	/Effects/PrisonFire/objBurningPaper
2145	3677	/Enemies/Prisoner/objPrisonerPsycho
2146	3575	/Enemies/Prisoner/objPrisonerMeleeStatic
2147	3673	/Player/objPlayerDiePsycho
2148	3680	/Enemies/Prisoner/objPrisonerFat
2149	3685	/Furniture/Rat/Prison/objShower
2150	3686	/Furniture/Rat/Prison/objFloorDrain
2151	3654	/Furniture/Rat/Prison/objPrisonBible
2152	3689	/Furniture/Rat/Prison/objPrisonOfficeDesk
2153	3688	/Furniture/Rat/Prison/objPrisonFileCabinet
2154	3690	/Furniture/Rat/Prison/objKeyLock
2155	3687	/Furniture/Rat/Prison/objPrisonSoap
2156	3692	/Furniture/Floor/Prison/objPrisonBloodWords
2157	3699	/Player/Rat/objRatGuard
2158	3664	/Misc/objGuardClothes
2159	3727	/Furniture/Rat/Prison/objPrisonMonitor
2160	3726	/Furniture/Rat/Prison/objPrisonFileCabinetFallen
2161	3729	/Furniture/Rat/Prison/objPrisonGameTable
2162	3730	/Furniture/Rat/Prison/objPrisonInformationTable
2163	3728	/Furniture/Floor/objPrisonChairBroken
2164	3731	/Furniture/Rat/Prison/objPrisonBasketCourt
2165	3588	/Furniture/Floor/Prison/objPrisonCorpses2
2166	3732	/Furniture/Floor/Prison/objPrisonerCaptured
2167	3733	/Enemies/Prisoner/objPrisonerIdleGuns
2168	3650	/Enemies/Guards/objGuardIdleStick
2169	-1	/objPrisonAlarm
2170	2680	/NPCs/Rat/Prison/Riot/objGuardShotgun
2172	3575	/NPCs/Rat/Prison/Riot/objEscapingPrisoner
2173	2679	/NPCs/Rat/Prison/Riot/objGuardMagnum
2174	3737	/Player/Cars/SwatBus/objSwatBusWave
2175	3740	/Furniture/Floor/Prison/objBasketHoopBroken
2177	3742	/Furniture/Writer/PoliceEvidence/objPoliceEvidenceTable
2178	3741	/Furniture/Writer/PoliceEvidence/objPoliceEvidenceShelf
2179	3743	/Furniture/Writer/PoliceEvidence/objPoliceEvidenceTableCobra
2180	3746	/NPCs/Writer/PoliceEvidence/objCopEvidence
2181	219	/Interface/objNextroomNoPlayer
2183	-1	/Interface/Scene/NickeScene/objJungleReturn
2184	-1	/Interface/Scene/NickeScene/objForestReturn
2185	-1	/Interface/Scene/NickeScene/objJungleFade
2186	3747	/NPCs/Son/Bank/objRobberAmbush
2187	3753	/NPCs/Writer/Court/Exit/objDemonstratorWave
2188	3756	/NPCs/Writer/Court/Exit/objPhotographer1
2189	3751	/NPCs/Writer/Court/Exit/objSwan1Demonstration
2190	3752	/NPCs/Writer/Court/Exit/objSwan2Demonstation
2191	1897	/NPCs/Writer/Court/Exit/objReporter1
2192	1898	/NPCs/Writer/Court/Exit/objInterviewed1
2193	3757	/NPCs/Writer/Court/Exit/objReporter2
2194	3754	/NPCs/Writer/Court/Exit/objDemonstrator
2195	3755	/NPCs/Writer/Court/Exit/objCameraMen
2196	1550	/NPCs/Writer/Court/Exit/objPoliceStandStill
2197	3650	/NPCs/Writer/Court/Exit/objGuardStickStill
2198	3761	/Misc/objWallet
2199	3773	/Enemies/Bosses/SwatBoss/objSwatBossWaypoint
2200	3772	/Enemies/Bosses/SwatBoss/objSwatBoss
2201	3776	/Player/Kills/Specific/objPigKillBoss
2202	3767	/Misc/objSwatBossHead
2203	3765	/Enemies/Bosses/SwatBoss/objSwatBossKnockedOut
2204	3772	/Enemies/Bosses/SwatBoss/objSwatBossAlert
2205	3778	/Enemies/Bosses/SwatBoss/objSwatBossLock
2206	3784	/NPCs/Fans/HQParty/objMitchMurder
2207	3783	/NPCs/Fans/HQParty/objDubmood
2208	3782	/NPCs/Fans/HQParty/objDaveMinus
2209	3779	/NPCs/Fans/HQParty/objBenjamin
2210	3781	/NPCs/Fans/HQParty/objDag
2211	3780	/NPCs/Fans/HQParty/objBennySmiles
2212	3785	/NPCs/Writer/Court/Exit/objReporters
2213	3786	/Interface/objWeaponMenu
2214	-1	/Interface/Options/objControls
2215	3794	/Interface/Options/objHouseCloseUp
2216	3795	/Interface/Options/objHouseSemiCloseUp
2217	3796	/Interface/Options/objHouseDistant
2218	3798	/Interface/Options/objSmallFlyingPaper
2219	3797	/Interface/Options/objFlyingPaper
2220	3801	/Interface/Options/objCloudSmoke
2221	3812	/Enemies/objEnemyCrawl
2222	3810	/Player/Kills/objPKillNeck
2223	3827	/Player/Kills/objPKillKick
2224	3829	/Player/Kills/objPKillChainsawCrawl
2225	3835	/Interface/Scene/City/objSceneGround
2226	3834	/Interface/Scene/City/objSceneFence
2227	3840	/NPCs/Cop/BoatDock/objPoliceCarWalkie
2228	3841	/NPCs/Cop/BoatDock/objColombianHandCuffs1
2229	3842	/NPCs/Cop/BoatDock/objColombianHandCuffs2
2230	1335	/NPCs/Cop/BoatDock/objPoliceDock
2231	1334	/NPCs/Cop/BoatDock/objOfficerDock
2232	3843	/NPCs/Writer/CopyFlash/objCopyFlashClerk
2233	3844	/Furniture/Writer/CopyFlash/objCopyFlashCounter
2234	3845	/Furniture/Writer/CopyFlash/objCopyFlashLogo
2235	3864	/Misc/objNewsPaper
2236	3866	/Misc/objRadio
2237	3860	/Player/objNail
2238	3860	/Player/objNailStuck
2239	3874	/Enemies/Soldier/objSoldierBurnt
2240	3880	/Interface/UnlocksImport/objFansMasks
2241	3882	/Interface/UnlocksImport/objNickeGuns
2242	3883	/Interface/UnlocksImport/objCobraMasks
2243	3884	/Interface/UnlocksImport/objSonStyles
2244	-1	/Interface/AchievementList/objAchievementList
2245	-1	/Interface/AchievementList/objAchievementUnlock
2247	-1	/Interface/Options/objOptions
2248	3897	/NPCs/Soldiers/Store/objShopPeople
2249	3898	/NPCs/Soldiers/Store/objShopPeoplePray
2251	-1	/Interface/VHSMenu/objOnlineHighscores
2252	-1	/Interface/objPigCredits
2253	-1	/Credits/objCreditList
2254	3902	/Editor/objEditorDoorH2
2255	3903	/Editor/objEditorDoorV2
2256	3904	/Misc/objHatDrop
2257	2067	/Misc/objDrugSampleHenchman
2258	483	/Misc/objNickeGlasses
2259	3910	/Player/Kills/Specific/objPKillAxe
2260	-1	/Interface/vhs/VHSOptions/objPauseControls
2261	3926	/Misc/Weapons/objAcid
2262	3927	/Effects/Fumes/objFumes
2263	-1	/Effects/Fumes/objFumer
2264	3929	/Player/Kills/Specific/objPKillAcid
2265	3933	/Effects/Taser/objTaserSpark
2266	3934	/Effects/Taser/objTaserElectric
2267	3935	/Player/Cars/Cobra_Car/objCobraTruck
2268	1434	/Player/Cars/Cobra_Car/objCobraTruckFloor
2269	3943	/Furniture/Floor/objCaveWater
2271	3940	/Furniture/Jungle/Trees/objCavePlant1
2272	3941	/Furniture/Jungle/Trees/objCavePlant2
2273	3942	/Furniture/Jungle/Trees/objCavePlant3
2274	3944	/Furniture/Jungle/Trees/objJackHammer
2276	3945	/Furniture/Jungle/PowerPlant/CaveStuff/objCaveStone
2277	-1	/Furniture/Jungle/PowerPlant/CaveStuff/objCaveStones
2278	-1	/Furniture/Jungle/PowerPlant/CaveStuff/objCaveTimer
2279	3946	/Misc/LightSmoke/objSewerCloud
2280	3947	/Furniture/Floor/objFrodusPoster
2281	3948	/Furniture/Floor/objDirtyShoes
2282	3949	/Furniture/Cobra/50BlessingsOffice/objAirCondition
2283	3950	/Furniture/Son/Hideout/objHenchmanCarWhole
2284	3951	/Player/Cars/SonVan/objSonVan
2285	3969	/NPCs/Writer/BikerBar/objHammarin
2286	3973	/Enemies/Dodger/objGangDodger
2287	3977	/Enemies/Dodger/objSoldierDodger
2288	-1	/Enemies/Dodger/objDodger
2289	3979	/NPCs/Henchman/Home/objHenchmanSearch
2290	-1	/Interface/Options/Censorship/objCensorship
2292	306	/Misc/Weapons/objNickeKnife
2293	3997	/Misc/Weapons/objBottleBroken
2294	4010	/NPCs/Writer/BikerBar/objCopBroken
2295	-1	/Misc/LightSmoke/objDeathWishStairsDarkness
2297	4044	/NextRoom/objEditorNextRoom
2298	4046	/NextRoom/objTransitionPlacer
2299	4048	/Misc/objRatCassettes
2300	1643	/Player/objPlayerGhost
2301	-1	/Interface/SplashScreens/DevolverAbstraction/objDevolverAbstraction
2302	4057	/NPCs/Fans/HQParty/objSjellos
2303	4058	/NPCs/Writer/Court/objBikerCourt
2304	4059	/NPCs/Fans/HQParty/objSimon
2305	-1	/AG/objShardRenderer
2306	-1	/AG/objBulletRenderer
2307	-1	/AG/objSparkRenderer
2308	40	/Enemies/Victims/objVictim2Hostile
2309	-1	/Enemies/Victims/objVictimEnemy
2310	-1	/AG/objWoodWindowRenderer
2311	-1	/AG/objCasinoFloor1
2312	4068	/NPCs/Fans/HQParty/objRasmus
2313	4062	/NPCs/Fans/HQParty/objGreenKingdom
2314	4065	/NPCs/Fans/HQParty/objVestronVulture
2315	4064	/NPCs/Fans/HQParty/objModulogeek
2316	4063	/NPCs/Fans/HQParty/objCiniMod
2317	4066	/NPCs/Fans/HQParty/objChromacle
2318	4069	/NPCs/Fans/HQParty/objBlanchard
2319	4070	/NPCs/Fans/HQParty/objEvans
2320	4072	/Furniture/Henchman/ChopShop/objGarageDoorH
2321	4073	/Furniture/Henchman/ChopShop/objGarageDoorV
2322	4071	/Furniture/PigButcher/PoliceStation/objInterrogationMirror
2323	4074	/Player/Kills/Specific/objHenchmanKillSkateboard
2324	-1	/AG/objZebraShardRenderer
2326	-1	/AG/objFlameRenderer
2327	-1	/AG/objStripClubRenderer
2328	-1	/AG/objPoliceStationFloor2Part2
2329	4076	/AG/objZebraWall
2330	-1	/Editor/Editor_Menus/objDuplicator
2332	-1	/AG/objFloorHoleRenderer
2333	4096	/Player/objBikerKnife
2334	4079	/Player/Biker/objBiker
2335	4129	/Player/Jacket/objJacket
2337	4149	/Misc/Weapons/objDrill
2338	4151	/Misc/Weapons/objPotFull
2339	4150	/Misc/Weapons/objPotEmpty
2340	4096	/Player/objBikerKnifeStuck
2341	4139	/Interface/objJacketMaskMenu
2342	-1	/object2342
2343	4157	/Misc/Weapons/objSilencedUzi
2344	4135	/Player/Kills/Specific/objPKillDrill
2345	4154	/Player/Cars/JacketCar/objJacketCar
2346	4097	/Misc/Weapons/objCleaver
2347	4094	/Player/Cars/BikerBike/objBikerBike
2348	4145	/Player/Kills/Specific/objBikerKillFat
2349	3354	/Player/Cars/PigCart/objPigCart
2350	2744	/Editor/Editor_Menus/objDialogueEditor2
2351	-1	/Editor/Editor_Menus/objFloorSelector
2352	-1	/Editor/Editor_Menus/objCampaignEditor
2354	4178	/Editor/HLM2CutsceneEditor/objCutsceneEditor
2355	4172	/Editor/HLM2CutsceneEditor/objEditorNPC
2358	-1	/Editor/HLM2CutsceneEditor/objSoundChoice
2359	-1	/Editor/HLM2CutsceneEditor/objActionChoice
2360	-1	/Editor/HLM2CutsceneEditor/objWalkChoice
2361	-1	/Editor/HLM2CutsceneEditor/objCharacterOptions
2362	-1	/Editor/HLM2CutsceneEditor/objEditorBackground2
2363	-1	/Editor/HLM2CutsceneEditor/objSongChoice
2364	-1	/Editor/HLM2CutsceneEditor/objFadeChoice
2365	-1	/Editor/HLM2CutsceneEditor/objWaitChoice
2366	-1	/Editor/HLM2CutsceneEditor/objSequenceChoice
2367	-1	/Editor/HLM2CutsceneEditor/objNextChoice
2368	-1	/Editor/HLM2CutsceneEditor/objSpriteChoice
2369	-1	/Editor/HLM2CutsceneEditor/objAnimateChoice
2370	-1	/Editor/HLM2CutsceneEditor/objInteractChoice
2371	-1	/Editor/HLM2CutsceneEditor/objCharacterProperties
2372	-1	/Editor/HLM2CutsceneEditor/objDeathChoice
2373	-1	/Editor/HLM2CutsceneEditor/objAttackChoice
2375	-1	/Editor/HLM2CutsceneEditor/objSetSprites
2376	-1	/Editor/HLM2CutsceneEditor/objTransitionChoice
2379	-1	/Editor/HLM2CutsceneEditor/objCutsceneFader
2380	-1	/Editor/Editor_Menus/objRainPlacer
2381	-1	/Editor/Editor_Menus/objDarknessPlacer
2382	-1	/Editor/HLM2CutsceneEditor/objEditorItem
2383	-1	/Editor/HLM2CutsceneEditor/objActivateChoice
2384	-1	/NPCs/objCustomNPC
2385	-1	/Editor/HLM2CutsceneEditor/objRotateChoice
2386	-1	/Editor/objSetBorders
2387	4162	/Player/Hammer/objTheHammer
2388	-1	/Editor/HLM2CutsceneEditor/objEditorConversation
2389	-1	/Editor/Editor_Menus/objBackgroundChoice
2390	-1	/CustomLevelSelect/objCustomLevelMenu
2391	-1	/CustomLevelSelect/objCustomLevelBackground
2392	-1	/Editor/objEditorFader
2393	-1	/Editor/HLM2CutsceneEditor/objPublishChoice
2394	4271	/Player/Cars/HammerCar/objHammerCar
2395	4272	/Player/Cars/HammerCar/objHammerCarFloor
2396	1118	/Enemies/Soldier/objSoldierMeleePatrol
2397	-1	/Editor/objCustomLevelQuery
2398	-1	/Editor/objCoverSelector
2399	-1	/Editor/objLevelSelector
2400	-1	/Interface/VHSMenu/objCustomBoxSelector
2401	-1	/objEditorWeapon
2402	4283	/Editor/HLM2CutsceneEditor/objCutscenePlayer
2403	4290	/Player/Kills/Specific/objJacketKillThroat
2404	4288	/Player/objWaterProjectile
2405	3927	/Effects/Fumes/objFumeSmall
2406	4283	/NPCs/objExtra
2407	2077	/Enemies/Mafia/objEMafiaIdleSmoke
2408	2078	/Enemies/Mafia/objEMafiaIdlePipe
2409	1336	/Enemies/Police/objPoliceIdleTalk
2410	1320	/Editor/NextRoom/objEditorElevator
2411	4354	/Editor/objEditorBarrier
2412	4355	/Editor/objEditorEntry
2413	128	/Editor/objEditorRailsLeft